id,firstName,lastName,email,phone,department,jobTitle,salary,hireDate,dateOfBirth,gender,employmentType,status,city,country,experience,performanceRating,manager,skills,benefits
EMP-0001,Luna,Robinson,luna.robinson1@hrms-practice.com,+1-993-9042,Customer Support,DevOps Engineer,123230,2012-09-22,1984-09-17,Prefer not to say,Full-time,Active,Sydney,India,3,3,Lucas Moore,Java;Docker,Health Insurance;401(k)
EMP-0002,Jackson,Johnson,jackson.johnson2@hrms-practice.com,+1-355-1271,Operations,Business Analyst,143317,2023-06-05,1980-09-04,Prefer not to say,Intern,Active,Sydney,Singapore,6,4,Noah Williams,Python;React,Health Insurance;401(k)
EMP-0003,Abigail,Lewis,abigail.lewis3@hrms-practice.com,+1-984-5167,Product,Product Owner,105626,2019-04-15,1982-02-27,Prefer not to say,Contract,Active,Sydney,Germany,4,3,Emma Johnson,Git;SQL,Health Insurance;401(k)
EMP-0004,Ethan,Wilson,ethan.wilson4@hrms-practice.com,+1-479-5729,Finance,Finance Manager,50156,2018-07-06,1969-04-12,Female,Part-time,On Leave,Mumbai,USA,3,2,Elizabeth Ramirez,Angular;Git,Health Insurance;401(k)
EMP-0005,Sophia,Garcia,sophia.garcia5@hrms-practice.com,+1-941-5957,Engineering,QA Engineer,136909,2023-07-14,1982-07-23,Non-binary,Intern,Active,Berlin,France,11,2,Matthew Martin,SQL;Java,Health Insurance;401(k)
EMP-0006,Scarlett,Taylor,scarlett.taylor6@hrms-practice.com,+1-869-8853,Legal,Paralegal,45885,2014-08-21,1971-03-15,Male,Full-time,Active,Sydney,Singapore,13,1,Amelia Clark,React,Health Insurance;401(k)
EMP-0007,Sebastian,Perez,sebastian.perez7@hrms-practice.com,+1-564-8415,Finance,Finance Manager,57082,2019-02-08,1974-07-25,Female,Part-time,Active,Berlin,Singapore,17,5,Lucas Harris,Java;Angular,Health Insurance;401(k)
EMP-0008,Elijah,King,elijah.king8@hrms-practice.com,+1-326-7643,Finance,Accountant,90502,2019-04-13,1974-01-05,Male,Part-time,Inactive,Toronto,United Kingdom,8,5,Oliver Sanchez,AWS;Git,Health Insurance;401(k)
EMP-0009,Matthew,Lewis,matthew.lewis9@hrms-practice.com,+1-454-9539,Engineering,QA Engineer,66144,2017-08-17,1979-11-22,Female,Full-time,Active,Chicago,Singapore,15,3,Charlotte Jones,AWS;Agile,Health Insurance;401(k)
EMP-0010,Avery,Moore,avery.moore10@hrms-practice.com,+1-349-8101,Customer Support,Senior Engineer,144008,2017-04-01,1970-07-28,Prefer not to say,Full-time,Active,London,Germany,2,1,Victoria Hernandez,Git,Health Insurance;401(k)
EMP-0011,Noah,Wilson,noah.wilson11@hrms-practice.com,+1-311-6330,Human Resources,QA Engineer,124095,2023-10-03,1986-03-06,Female,Part-time,On Leave,New York,Canada,20,5,Charlotte Jackson,Java;JavaScript,Health Insurance;401(k)
EMP-0012,Elizabeth,Lewis,elizabeth.lewis12@hrms-practice.com,+1-639-7225,Human Resources,Senior Engineer,46403,2015-04-03,1977-04-19,Male,Intern,Inactive,Sydney,Germany,10,2,Madison Garcia,SQL;Machine Learning,Health Insurance;401(k)
EMP-0013,Oliver,Johnson,oliver.johnson13@hrms-practice.com,+1-735-4787,Finance,Accountant,70934,2022-03-12,1985-02-23,Female,Part-time,On Leave,Sydney,France,2,5,Owen Martin,Machine Learning;Git,Health Insurance;401(k)
EMP-0014,Mila,Moore,mila.moore14@hrms-practice.com,+1-896-2016,Design,UX Designer,117687,2023-11-11,1987-01-25,Female,Part-time,On Leave,San Francisco,USA,2,4,Chloe Scott,Docker;Machine Learning,Health Insurance;401(k)
EMP-0015,Samuel,Taylor,samuel.taylor15@hrms-practice.com,+1-525-1911,Customer Support,Senior Engineer,106663,2022-08-08,1996-04-07,Non-binary,Full-time,On Leave,Sydney,Singapore,19,1,Sophia Young,Python;Git,Health Insurance;401(k)
EMP-0016,Alexander,Martinez,alexander.martinez16@hrms-practice.com,+1-820-7473,Finance,Accountant,77860,2024-09-14,1990-05-08,Female,Full-time,Active,Toronto,Germany,16,2,Samuel Taylor,Docker;SQL,Health Insurance;401(k)
EMP-0017,Jackson,Martinez,jackson.martinez17@hrms-practice.com,+1-282-3702,Customer Support,QA Engineer,71280,2019-08-10,1979-06-07,Prefer not to say,Intern,Active,Mumbai,Germany,0,1,Evelyn Garcia,Docker;SQL,Health Insurance;401(k)
EMP-0018,Madison,Lewis,madison.lewis18@hrms-practice.com,+1-110-2597,Marketing,SEO Specialist,126922,2012-07-04,1974-01-14,Non-binary,Part-time,Inactive,London,Singapore,21,2,Ava Rodriguez,Angular;Python,Health Insurance;401(k)
EMP-0019,Mason,Garcia,mason.garcia19@hrms-practice.com,+1-605-7159,Product,Scrum Master,44786,2021-12-07,1985-04-11,Prefer not to say,Intern,Active,New York,United Kingdom,1,3,Harper Williams,Python;Agile,Health Insurance;401(k)
EMP-0020,Ethan,Sanchez,ethan.sanchez20@hrms-practice.com,+1-267-2388,Design,UX Designer,104872,2023-01-28,1991-08-07,Male,Intern,Inactive,London,Germany,11,1,Abigail Wright,Angular;Git,Health Insurance;401(k)
EMP-0021,Michael,Lewis,michael.lewis21@hrms-practice.com,+1-295-9283,Sales,Sales Representative,107181,2024-03-19,1973-05-12,Female,Intern,Active,Berlin,Germany,16,2,Camila Martinez,React,Health Insurance;401(k)
EMP-0022,Joseph,Sanchez,joseph.sanchez22@hrms-practice.com,+1-990-3845,Human Resources,Software Engineer,91712,2014-10-19,1970-11-06,Female,Full-time,Active,Chicago,Australia,1,3,Elizabeth Lopez,React;Agile,Health Insurance;401(k)
EMP-0023,Grace,Walker,grace.walker23@hrms-practice.com,+1-852-7074,Marketing,Marketing Manager,98465,2023-02-08,1993-06-27,Male,Intern,Inactive,Toronto,Australia,16,5,James Taylor,Git;Docker,Health Insurance;401(k)
EMP-0024,Luna,Taylor,luna.taylor24@hrms-practice.com,+1-181-3969,Finance,Financial Analyst,47440,2018-07-24,1991-06-28,Prefer not to say,Part-time,Active,Berlin,Singapore,4,5,Chloe Scott,Machine Learning;TypeScript,Health Insurance;401(k)
EMP-0025,Isabella,Wright,isabella.wright25@hrms-practice.com,+1-176-6531,Human Resources,QA Engineer,98638,2015-05-21,1975-02-19,Female,Full-time,Active,Chicago,Canada,15,5,Harper Martinez,Python;SQL,Health Insurance;401(k)
EMP-0026,Olivia,Thompson,olivia.thompson26@hrms-practice.com,+1-237-8760,Operations,Operations Manager,52058,2019-11-07,1984-12-09,Non-binary,Part-time,Active,London,India,13,2,Mila Perez,Agile;Java,Health Insurance;401(k)
EMP-0027,Joseph,Lewis,joseph.lewis27@hrms-practice.com,+1-666-4655,Legal,Compliance Officer,67700,2021-07-20,1969-02-07,Male,Part-time,Active,London,Singapore,6,2,Grace Gonzalez,Python;AWS,Health Insurance;401(k)
EMP-0028,Noah,Walker,noah.walker28@hrms-practice.com,+1-861-6217,Product,Product Owner,65564,2012-07-14,1970-01-22,Prefer not to say,Contract,Active,Berlin,India,0,1,Samuel Walker,Docker;Machine Learning,Health Insurance;401(k)
EMP-0029,Madison,Williams,madison.williams29@hrms-practice.com,+1-223-7446,Marketing,Content Writer,85650,2024-04-25,1996-02-09,Prefer not to say,Part-time,Active,Berlin,Singapore,3,2,Daniel Anderson,SQL,Health Insurance;401(k)
EMP-0030,Avery,Lewis,avery.lewis30@hrms-practice.com,+1-851-2342,Design,UX Designer,47959,2020-03-07,1968-07-04,Prefer not to say,Full-time,Inactive,Berlin,Germany,0,1,Mila Anderson,TypeScript;Git,Health Insurance;401(k)
EMP-0031,Sofia,Anderson,sofia.anderson31@hrms-practice.com,+1-346-2904,Human Resources,DevOps Engineer,112490,2018-06-25,1985-09-17,Female,Intern,Active,New York,USA,21,5,Emma Brown,Git;Machine Learning,Health Insurance;401(k)
EMP-0032,Harper,Miller,harper.miller32@hrms-practice.com,+1-808-3132,Customer Support,Tech Lead,79243,2024-06-05,1968-11-28,Non-binary,Part-time,Active,Mumbai,France,8,1,Lucas Allen,Agile;Angular,Health Insurance;401(k)
EMP-0033,Carter,Taylor,carter.taylor33@hrms-practice.com,+1-736-6028,Sales,Sales Representative,108218,2014-06-12,1986-07-20,Male,Contract,On Leave,Berlin,Singapore,10,5,Victoria Brown,Docker;SQL,Health Insurance;401(k)
EMP-0034,Luna,Thompson,luna.thompson34@hrms-practice.com,+1-432-5590,Human Resources,Tech Lead,119416,2020-12-27,1990-12-02,Female,Intern,Active,Mumbai,Singapore,14,3,Samuel Johnson,AWS,Health Insurance;401(k)
EMP-0035,Emily,Wright,emily.wright35@hrms-practice.com,+1-193-4818,Human Resources,Senior Engineer,152835,2019-03-04,1990-05-10,Male,Intern,Active,Berlin,United Kingdom,5,3,Sebastian Johnson,Machine Learning;JavaScript,Health Insurance;401(k)
EMP-0036,Chloe,Robinson,chloe.robinson36@hrms-practice.com,+1-322-6714,Customer Support,DevOps Engineer,128477,2017-06-08,1995-04-27,Female,Contract,Inactive,Toronto,Singapore,12,1,Scarlett Taylor,JavaScript,Health Insurance;401(k)
EMP-0037,Victoria,Jackson,victoria.jackson37@hrms-practice.com,+1-217-5276,Design,UX Designer,86342,2017-03-20,1985-11-05,Prefer not to say,Contract,Inactive,Toronto,Germany,21,4,Harper Thompson,TypeScript;Machine Learning,Health Insurance;401(k)
EMP-0038,Charlotte,Anderson,charlotte.anderson38@hrms-practice.com,+1-179-3505,Engineering,DevOps Engineer,66428,2024-08-22,1971-07-11,Female,Full-time,Active,San Francisco,Canada,17,3,Scarlett Young,AWS;Java,Health Insurance;401(k)
EMP-0039,Jackson,Robinson,jackson.robinson39@hrms-practice.com,+1-507-4400,Engineering,QA Engineer,108737,2015-02-22,1993-08-25,Male,Part-time,Active,Mumbai,Germany,7,1,Evelyn Jackson,Machine Learning;TypeScript,Health Insurance;401(k)
EMP-0040,Evelyn,Williams,evelyn.williams40@hrms-practice.com,+1-602-1962,Engineering,Senior Engineer,133268,2023-01-03,1970-06-28,Female,Intern,Active,Berlin,France,20,3,Jacob Allen,Java;JavaScript,Health Insurance;401(k)
EMP-0041,Sebastian,Jackson,sebastian.jackson41@hrms-practice.com,+1-764-8191,Operations,Business Analyst,60021,2024-09-02,1973-05-02,Female,Intern,Active,London,USA,21,2,Elizabeth Gonzalez,JavaScript;TypeScript,Health Insurance;401(k)
EMP-0042,Liam,Moore,liam.moore42@hrms-practice.com,+1-392-8086,Design,Graphic Designer,48996,2023-06-28,1981-08-13,Non-binary,Contract,Active,Mumbai,Singapore,16,4,Sofia Davis,SQL;Machine Learning,Health Insurance;401(k)
EMP-0043,Avery,Hernandez,avery.hernandez43@hrms-practice.com,+1-687-4648,Engineering,Software Engineer,140193,2024-08-06,1975-09-13,Female,Intern,Inactive,Sydney,France,13,1,Mason Robinson,TypeScript;Docker,Health Insurance;401(k)
EMP-0044,Madison,Hernandez,madison.hernandez44@hrms-practice.com,+1-149-9877,Design,UI Designer,133613,2019-06-01,1995-11-12,Prefer not to say,Part-time,On Leave,San Francisco,Germany,18,4,Luna Jackson,JavaScript;Docker,Health Insurance;401(k)
EMP-0045,Olivia,Robinson,olivia.robinson45@hrms-practice.com,+1-878-8772,Finance,Accountant,69255,2013-06-24,1990-05-19,Non-binary,Intern,Active,Toronto,Singapore,18,1,Avery Perez,Git;React,Health Insurance;401(k)
EMP-0046,Mila,Miller,mila.miller46@hrms-practice.com,+1-473-4334,Design,UI Designer,107119,2021-10-26,1970-08-17,Prefer not to say,Part-time,Inactive,Chicago,United Kingdom,20,2,Madison Anderson,SQL;JavaScript,Health Insurance;401(k)
EMP-0047,Sofia,Clark,sofia.clark47@hrms-practice.com,+1-134-8563,Legal,Compliance Officer,47206,2024-11-19,1976-12-13,Male,Contract,Active,Sydney,France,8,4,Grace Lopez,Git;Machine Learning,Health Insurance;401(k)
EMP-0048,Aria,Robinson,aria.robinson48@hrms-practice.com,+1-163-6458,Finance,Finance Manager,49514,2024-01-10,1988-09-17,Female,Part-time,Active,Mumbai,Germany,13,5,Mia Thompson,Docker;SQL,Health Insurance;401(k)
EMP-0049,William,Clark,william.clark49@hrms-practice.com,+1-858-1020,Engineering,DevOps Engineer,154045,2014-08-10,1985-03-11,Female,Contract,Active,Toronto,Australia,19,1,Emma Harris,Docker;JavaScript,Health Insurance;401(k)
EMP-0050,William,Walker,william.walker50@hrms-practice.com,+1-720-4249,Human Resources,QA Engineer,40798,2024-12-27,1978-10-04,Male,Part-time,Active,Berlin,Australia,13,3,Jackson Lewis,TypeScript;Agile,Health Insurance;401(k)
EMP-0051,Ava,Moore,ava.moore51@hrms-practice.com,+1-948-1144,Engineering,QA Engineer,109774,2018-05-15,1977-10-05,Prefer not to say,Intern,Inactive,Mumbai,Singapore,0,4,Elizabeth Lopez,Java;React,Health Insurance;401(k)
EMP-0052,Mason,Wright,mason.wright52@hrms-practice.com,+1-943-3706,Engineering,DevOps Engineer,40971,2016-03-12,1990-06-24,Female,Contract,On Leave,London,Canada,12,4,Madison Perez,SQL;Git,Health Insurance;401(k)
EMP-0053,Charlotte,Thompson,charlotte.thompson53@hrms-practice.com,+1-105-5935,Marketing,SEO Specialist,114391,2019-10-26,1970-04-14,Non-binary,Intern,Inactive,Toronto,India,10,5,Olivia Wright,Python;Angular,Health Insurance;401(k)
EMP-0054,William,Robinson,william.robinson54@hrms-practice.com,+1-533-1830,Sales,Account Executive,130033,2021-05-11,1985-06-12,Male,Intern,Active,Sydney,Singapore,2,5,Emily Sanchez,SQL;Git,Health Insurance;401(k)
EMP-0055,Charlotte,Walker,charlotte.walker55@hrms-practice.com,+1-728-3392,Legal,Legal Counsel,127897,2013-05-05,1986-06-28,Prefer not to say,Full-time,On Leave,New York,India,19,5,Mason Davis,JavaScript;TypeScript,Health Insurance;401(k)
EMP-0056,Olivia,Williams,olivia.williams56@hrms-practice.com,+1-990-4621,Finance,Financial Analyst,147984,2024-03-16,1982-06-14,Prefer not to say,Full-time,On Leave,New York,Singapore,0,1,William Ramirez,Agile;Docker,Health Insurance;401(k)
EMP-0057,Matthew,Robinson,matthew.robinson57@hrms-practice.com,+1-719-8517,Operations,Business Analyst,110292,2020-01-26,1983-11-09,Prefer not to say,Contract,Active,New York,Germany,19,5,Olivia Clark,Angular;Machine Learning,Health Insurance;401(k)
EMP-0058,Samuel,Anderson,samuel.anderson58@hrms-practice.com,+1-214-9079,Customer Support,Senior Engineer,54823,2019-04-16,1971-01-22,Female,Contract,Active,Chicago,USA,18,4,Mila Taylor,Python;TypeScript,Health Insurance;401(k)
EMP-0059,Jacob,Miller,jacob.miller59@hrms-practice.com,+1-676-9307,Design,UX Designer,141576,2024-04-24,1983-04-06,Non-binary,Intern,On Leave,San Francisco,India,4,4,Samuel Martinez,Java;AWS,Health Insurance;401(k)
EMP-0060,James,Moore,james.moore60@hrms-practice.com,+1-604-3203,Marketing,SEO Specialist,50551,2014-05-03,1972-11-25,Male,Full-time,Active,New York,Singapore,7,3,Harper Taylor,TypeScript;Docker,Health Insurance;401(k)
EMP-0061,Noah,Thompson,noah.thompson61@hrms-practice.com,+1-299-2765,Customer Support,Software Engineer,61749,2020-10-18,1976-04-07,Female,Part-time,On Leave,San Francisco,Singapore,11,1,Mason Anderson,Machine Learning;Git,Health Insurance;401(k)
EMP-0062,Henry,Scott,henry.scott62@hrms-practice.com,+1-961-1993,Customer Support,QA Engineer,95169,2020-01-23,1975-09-15,Female,Part-time,Active,Mumbai,United Kingdom,1,1,Benjamin Anderson,Java;Python,Health Insurance;401(k)
EMP-0063,Isabella,Robinson,isabella.robinson63@hrms-practice.com,+1-189-3889,Design,UI Designer,70811,2017-04-27,1980-08-04,Female,Full-time,On Leave,Sydney,Singapore,9,4,Amelia Robinson,React;Python,Health Insurance;401(k)
EMP-0064,Owen,Martin,owen.martin64@hrms-practice.com,+1-984-2451,Legal,Compliance Officer,148675,2017-01-11,1971-03-11,Prefer not to say,Full-time,On Leave,Berlin,Germany,18,2,Madison Scott,Angular;Python,Health Insurance;401(k)
EMP-0065,Alexander,Thomas,alexander.thomas65@hrms-practice.com,+1-946-9680,Product,Product Owner,128761,2024-06-13,1987-11-16,Female,Contract,Inactive,London,Canada,13,2,Amelia Davis,JavaScript;Angular,Health Insurance;401(k)
EMP-0066,Madison,Robinson,madison.robinson66@hrms-practice.com,+1-374-1575,Product,Product Owner,51070,2016-12-14,1979-12-02,Male,Intern,Active,New York,Germany,3,4,Luna Young,Java;React,Health Insurance;401(k)
EMP-0067,Ella,Brown,ella.brown67@hrms-practice.com,+1-470-8137,Customer Support,QA Engineer,75601,2023-11-23,1986-10-05,Female,Part-time,Inactive,Mumbai,India,17,2,Liam Rodriguez,AWS;Python,Health Insurance;401(k)
EMP-0068,Joseph,Martin,joseph.martin68@hrms-practice.com,+1-631-5366,Sales,Account Executive,122354,2024-07-21,1989-09-07,Female,Part-time,Inactive,Toronto,USA,18,5,Emma Sanchez,React,Health Insurance;401(k)
EMP-0069,Mia,Moore,mia.moore69@hrms-practice.com,+1-260-5261,Legal,Paralegal,111329,2023-04-19,1997-01-18,Non-binary,Full-time,Inactive,New York,Singapore,13,2,Isabella Lee,Agile;TypeScript,Health Insurance;401(k)
EMP-0070,Victoria,Lopez,victoria.lopez70@hrms-practice.com,+1-555-1823,Customer Support,DevOps Engineer,82527,2024-06-25,1991-01-18,Female,Part-time,Active,Mumbai,France,9,4,David Miller,Angular;Agile,Health Insurance;401(k)
EMP-0071,Liam,Lopez,liam.lopez71@hrms-practice.com,+1-917-7052,Legal,Legal Counsel,75947,2020-04-20,1980-03-17,Prefer not to say,Intern,Active,Chicago,Germany,15,3,Logan Walker,Angular;Machine Learning,Health Insurance;401(k)
EMP-0072,Benjamin,Robinson,benjamin.robinson72@hrms-practice.com,+1-745-5947,Engineering,Senior Engineer,131588,2013-04-15,1975-09-25,Non-binary,Part-time,Active,Berlin,Singapore,15,4,Sophia King,TypeScript;AWS,Health Insurance;401(k)
EMP-0073,Sebastian,Davis,sebastian.davis73@hrms-practice.com,+1-340-1509,Operations,Operations Manager,49453,2022-08-18,1986-12-22,Prefer not to say,Intern,Active,London,United Kingdom,16,5,Evelyn Ramirez,Machine Learning;Python,Health Insurance;401(k)
EMP-0074,Samuel,Ramirez,samuel.ramirez74@hrms-practice.com,+1-902-5738,Sales,Account Executive,109539,2024-09-10,1992-05-18,Male,Full-time,Active,Berlin,France,5,3,Emily Harris,TypeScript;Python,Health Insurance;401(k)
EMP-0075,Joseph,Walker,joseph.walker75@hrms-practice.com,+1-930-3633,Human Resources,Tech Lead,111848,2024-12-01,1974-02-22,Female,Full-time,On Leave,San Francisco,France,10,4,Aria Scott,JavaScript;Docker,Health Insurance;401(k)
EMP-0076,Amelia,Ramirez,amelia.ramirez76@hrms-practice.com,+1-725-7195,Product,Product Owner,96379,2014-07-01,1971-08-16,Female,Full-time,Inactive,Sydney,Australia,16,4,Mila Johnson,JavaScript;Java,Health Insurance;401(k)
EMP-0077,Amelia,Young,amelia.young77@hrms-practice.com,+1-587-1424,Engineering,DevOps Engineer,103132,2024-11-18,1994-02-09,Male,Intern,Active,Mumbai,Australia,9,2,Oliver Garcia,Angular;JavaScript,Health Insurance;401(k)
EMP-0078,Elijah,Jackson,elijah.jackson78@hrms-practice.com,+1-816-7319,Customer Support,Tech Lead,52107,2019-03-07,1992-02-10,Prefer not to say,Part-time,Active,San Francisco,Singapore,19,2,Emma Harris,AWS;SQL,Health Insurance;401(k)
EMP-0079,Mila,Scott,mila.scott79@hrms-practice.com,+1-811-9881,Product,Product Manager,103305,2016-01-03,1976-11-01,Female,Full-time,Active,Sydney,Canada,8,2,Evelyn Wright,Agile;Machine Learning,Health Insurance;401(k)
EMP-0080,Alexander,White,alexander.white80@hrms-practice.com,+1-872-3110,Finance,Accountant,56724,2020-08-17,1986-08-19,Non-binary,Part-time,On Leave,Berlin,Singapore,7,4,Ella Hernandez,SQL;AWS,Health Insurance;401(k)
EMP-0081,Amelia,Walker,amelia.walker81@hrms-practice.com,+1-401-8005,Marketing,Marketing Manager,72366,2022-03-03,1971-11-17,Male,Part-time,On Leave,Berlin,Singapore,21,3,Chloe Williams,Machine Learning,Health Insurance;401(k)
EMP-0082,Emily,Young,emily.young82@hrms-practice.com,+1-596-9567,Operations,Business Analyst,70230,2013-04-24,1971-10-05,Male,Contract,Active,San Francisco,Singapore,15,3,David Martin,React;Java,Health Insurance;401(k)
EMP-0083,Benjamin,Brown,benjamin.brown83@hrms-practice.com,+1-858-1796,Human Resources,QA Engineer,90317,2024-01-07,1997-10-20,Prefer not to say,Contract,Active,San Francisco,USA,19,4,Henry Jones,Python;Agile,Health Insurance;401(k)
EMP-0084,Chloe,Walker,chloe.walker84@hrms-practice.com,+1-586-5692,Sales,Account Executive,52626,2020-11-17,1969-03-15,Prefer not to say,Full-time,Active,San Francisco,France,16,3,Ella Brown,Agile;TypeScript,Health Insurance;401(k)
EMP-0085,Liam,Thomas,liam.thomas85@hrms-practice.com,+1-981-6254,Product,Product Manager,117156,2019-02-07,1986-05-27,Female,Full-time,On Leave,London,USA,15,2,Liam Robinson,SQL;Java,Health Insurance;401(k)
EMP-0086,Camila,Davis,camila.davis86@hrms-practice.com,+1-543-6482,Legal,Compliance Officer,83909,2024-02-15,1969-08-11,Non-binary,Part-time,Active,Chicago,India,1,3,Mason Perez,AWS;Git,Health Insurance;401(k)
EMP-0087,Harper,Jackson,harper.jackson87@hrms-practice.com,+1-471-9378,Human Resources,Senior Engineer,112885,2014-03-22,1987-04-03,Female,Contract,Active,San Francisco,Singapore,3,1,Madison Lewis,Angular;Machine Learning,Health Insurance;401(k)
EMP-0088,Elijah,White,elijah.white88@hrms-practice.com,+1-167-8940,Product,Scrum Master,124082,2020-09-10,1991-08-12,Female,Intern,Active,Chicago,USA,7,5,David Clark,React;JavaScript,Health Insurance;401(k)
EMP-0089,Samuel,Scott,samuel.scott89@hrms-practice.com,+1-828-8168,Product,Product Owner,157502,2020-11-14,1991-02-21,Female,Intern,Inactive,San Francisco,United Kingdom,20,5,Aiden Ramirez,AWS;React,Health Insurance;401(k)
EMP-0090,Mason,Walker,mason.walker90@hrms-practice.com,+1-957-1064,Legal,Legal Counsel,133144,2017-03-18,1996-12-09,Female,Contract,Active,Mumbai,Singapore,5,3,Victoria Miller,Docker;React,Health Insurance;401(k)
EMP-0091,Isabella,Martin,isabella.martin91@hrms-practice.com,+1-852-8626,Sales,Account Executive,91008,2017-11-02,1986-07-16,Male,Contract,Active,Mumbai,Germany,14,1,Evelyn Gonzalez,Git;React,Health Insurance;401(k)
EMP-0092,Henry,Thomas,henry.thomas92@hrms-practice.com,+1-814-6855,Design,UX Designer,71095,2024-04-04,1972-03-21,Female,Full-time,Active,Toronto,Canada,10,5,Victoria Lee,React;AWS,Health Insurance;401(k)
EMP-0093,Liam,Walker,liam.walker93@hrms-practice.com,+1-242-7750,Design,UX Designer,113403,2016-10-05,1994-04-07,Male,Part-time,On Leave,Chicago,France,0,3,Abigail Davis,AWS;SQL,Health Insurance;401(k)
EMP-0094,Aiden,Brown,aiden.brown94@hrms-practice.com,+1-337-5312,Design,UI Designer,137934,2023-10-14,1971-02-10,Female,Intern,Active,San Francisco,India,14,5,Michael Perez,Machine Learning;React,Health Insurance;401(k)
EMP-0095,Ava,Martin,ava.martin95@hrms-practice.com,+1-499-2541,Finance,Financial Analyst,64687,2024-05-13,1974-01-13,Female,Intern,On Leave,Sydney,USA,15,4,Mila Williams,Docker;SQL,Health Insurance;401(k)
EMP-0096,Logan,Jackson,logan.jackson96@hrms-practice.com,+1-127-2436,Sales,Sales Representative,53663,2023-02-10,1983-05-23,Non-binary,Intern,On Leave,Chicago,Singapore,10,1,Camila King,Python;Java,Health Insurance;401(k)
EMP-0097,Owen,Lopez,owen.lopez97@hrms-practice.com,+1-422-7998,Design,UI Designer,144860,2012-04-16,1976-06-23,Female,Intern,Active,New York,France,6,3,Logan Jackson,Git;JavaScript,Health Insurance;401(k)
EMP-0098,Benjamin,Lopez,benjamin.lopez98@hrms-practice.com,+1-784-4227,Sales,Sales Manager,138280,2020-03-12,1996-07-22,Prefer not to say,Part-time,Active,Toronto,Germany,12,1,Joseph Davis,Git;TypeScript,Health Insurance;401(k)
EMP-0099,Abigail,Walker,abigail.walker99@hrms-practice.com,+1-613-3122,Customer Support,QA Engineer,73922,2013-02-06,1991-01-02,Non-binary,Intern,Inactive,Mumbai,Singapore,12,2,Sofia Hernandez,Angular;Git,Health Insurance;401(k)
EMP-0100,Joseph,Rodriguez,joseph.rodriguez100@hrms-practice.com,+1-208-7684,Sales,Sales Manager,111786,2022-06-09,1971-05-27,Male,Part-time,Active,Sydney,United Kingdom,13,4,Luna Jones,Java;Angular,Health Insurance;401(k)
EMP-0101,Emma,Lewis,emma.lewis101@hrms-practice.com,+1-769-2913,Marketing,Marketing Manager,51872,2024-08-01,1978-09-23,Male,Contract,On Leave,New York,France,2,1,Chloe Smith,Angular;React,Health Insurance;401(k)
EMP-0102,William,Walker,william.walker102@hrms-practice.com,+1-798-9808,Engineering,Senior Engineer,54181,2012-10-21,1989-06-27,Non-binary,Contract,Active,Chicago,France,6,2,Charlotte Lopez,Angular;Machine Learning,Health Insurance;401(k)
EMP-0103,Ethan,Lewis,ethan.lewis103@hrms-practice.com,+1-593-4370,Design,UX Designer,38712,2015-05-20,1987-12-21,Female,Contract,Active,Mumbai,Australia,13,3,Olivia Wilson,Angular,Health Insurance;401(k)
EMP-0104,Elizabeth,Allen,elizabeth.allen104@hrms-practice.com,+1-455-7599,Product,Product Owner,45465,2024-09-10,1979-07-14,Male,Part-time,Inactive,San Francisco,Australia,6,5,Sebastian Jackson,Agile;Java,Health Insurance;401(k)
EMP-0105,Emily,Jackson,emily.jackson105@hrms-practice.com,+1-683-4494,Design,UX Designer,114440,2019-02-26,1978-06-15,Prefer not to say,Intern,Active,Chicago,Singapore,16,5,Mila Johnson,JavaScript;Docker,Health Insurance;401(k)
EMP-0106,Aria,Smith,aria.smith106@hrms-practice.com,+1-678-7056,Design,Graphic Designer,45638,2016-11-22,1992-03-06,Female,Contract,Active,Berlin,Canada,5,5,Luna Lopez,Python;TypeScript,Health Insurance;401(k)
EMP-0107,Avery,Harris,avery.harris107@hrms-practice.com,+1-740-9285,Engineering,Software Engineer,119058,2020-06-09,1971-12-24,Non-binary,Intern,Active,Mumbai,Singapore,3,2,Ava White,Agile,Health Insurance;401(k)
EMP-0108,Ethan,Walker,ethan.walker108@hrms-practice.com,+1-268-5180,Human Resources,QA Engineer,134700,2022-01-22,1986-03-22,Male,Intern,Active,New York,Singapore,18,2,Elizabeth Anderson,Java;Python,Health Insurance;401(k)
EMP-0109,Henry,Allen,henry.allen109@hrms-practice.com,+1-463-6742,Marketing,Content Writer,132564,2013-02-15,1987-02-10,Male,Part-time,Active,London,Singapore,12,1,Logan Allen,Docker;Angular,Health Insurance;401(k)
EMP-0110,Abigail,Jones,abigail.jones110@hrms-practice.com,+1-725-7971,Customer Support,Tech Lead,152650,2024-11-26,1983-02-25,Prefer not to say,Full-time,Active,London,USA,15,2,James Moore,AWS;TypeScript,Health Insurance;401(k)
EMP-0111,Isabella,Walker,isabella.walker111@hrms-practice.com,+1-454-2867,Finance,Financial Analyst,114959,2020-09-08,1985-07-20,Prefer not to say,Contract,Inactive,London,France,13,2,Ava Taylor,Python;Java,Health Insurance;401(k)
EMP-0112,Mia,Taylor,mia.taylor112@hrms-practice.com,+1-849-3429,Legal,Compliance Officer,59490,2019-12-27,1972-09-04,Female,Contract,Active,Sydney,United Kingdom,12,1,Michael Miller,Agile;SQL,Health Insurance;401(k)
EMP-0113,Luna,Rodriguez,luna.rodriguez113@hrms-practice.com,+1-411-3657,Sales,Account Executive,146243,2024-12-07,1985-12-16,Non-binary,Intern,Active,Toronto,India,20,1,David Wright,Machine Learning,Health Insurance;401(k)
EMP-0114,Jacob,Martin,jacob.martin114@hrms-practice.com,+1-339-6553,Engineering,Software Engineer,55218,2015-01-14,1973-08-08,Female,Full-time,On Leave,London,Singapore,0,5,Evelyn Garcia,Git;TypeScript,Health Insurance;401(k)
EMP-0115,Emily,Harris,emily.harris115@hrms-practice.com,+1-934-6115,Legal,Paralegal,66416,2020-07-01,1977-12-17,Female,Part-time,Inactive,Toronto,USA,4,3,Logan Brown,Docker;Python,Health Insurance;401(k)
EMP-0116,Emma,Smith,emma.smith116@hrms-practice.com,+1-696-5343,Design,UX Designer,99835,2020-09-06,1976-06-26,Female,Part-time,Active,Chicago,United Kingdom,17,3,Elijah Brown,JavaScript;SQL,Health Insurance;401(k)
EMP-0117,Mila,Young,mila.young117@hrms-practice.com,+1-824-7239,Sales,Sales Manager,75477,2018-01-09,1981-04-15,Female,Full-time,Inactive,New York,Singapore,2,1,Harper Martin,JavaScript;SQL,Health Insurance;401(k)
EMP-0118,Mason,Lee,mason.lee118@hrms-practice.com,+1-719-5801,Marketing,Marketing Manager,153342,2018-09-22,1972-11-21,Male,Full-time,Inactive,San Francisco,Germany,11,4,Luna Harris,Python;SQL,Health Insurance;401(k)
EMP-0119,Victoria,Taylor,victoria.taylor119@hrms-practice.com,+1-681-4030,Operations,Business Analyst,133428,2024-03-23,1988-08-26,Non-binary,Contract,Active,Berlin,Canada,7,4,Harper King,Docker;Git,Health Insurance;401(k)
EMP-0120,Benjamin,Young,benjamin.young120@hrms-practice.com,+1-109-4925,Operations,Operations Manager,55737,2016-09-24,1980-09-12,Male,Intern,Active,London,France,19,1,Grace Lee,Machine Learning;Docker,Health Insurance;401(k)
EMP-0121,Grace,Jones,grace.jones121@hrms-practice.com,+1-205-2487,Legal,Legal Counsel,80268,2023-08-05,1987-07-15,Female,Part-time,Active,Chicago,India,11,4,Noah Wright,React;SQL,Health Insurance;401(k)
EMP-0122,Elijah,Lee,elijah.lee122@hrms-practice.com,+1-366-8716,Human Resources,QA Engineer,127021,2024-04-04,1990-05-18,Female,Part-time,Active,Mumbai,United Kingdom,11,2,Olivia Anderson,TypeScript;Docker,Health Insurance;401(k)
EMP-0123,Ella,Martin,ella.martin123@hrms-practice.com,+1-895-8611,Marketing,SEO Specialist,115996,2023-01-01,1968-09-28,Non-binary,Part-time,Active,London,Singapore,6,4,Mia Martinez,SQL,Health Insurance;401(k)
EMP-0124,Isabella,Gonzalez,isabella.gonzalez124@hrms-practice.com,+1-290-5173,Legal,Legal Counsel,87193,2012-02-07,1992-10-28,Female,Part-time,Inactive,Chicago,France,3,1,Joseph Young,TypeScript;Java,Health Insurance;401(k)
EMP-0125,Abigail,Gonzalez,abigail.gonzalez125@hrms-practice.com,+1-652-1402,Marketing,Content Writer,80613,2020-01-03,1981-11-28,Prefer not to say,Intern,On Leave,Sydney,Germany,9,4,Alexander Lee,TypeScript;Java,Health Insurance;401(k)
EMP-0126,Daniel,Young,daniel.young126@hrms-practice.com,+1-480-9297,Design,UI Designer,136255,2013-12-25,1977-06-07,Non-binary,Part-time,Active,San Francisco,Singapore,8,1,Isabella White,Agile;Machine Learning,Health Insurance;401(k)
EMP-0127,Ava,Rodriguez,ava.rodriguez127@hrms-practice.com,+1-975-4859,Finance,Accountant,54119,2022-05-28,1987-09-04,Male,Intern,Inactive,Berlin,Canada,10,2,Abigail Moore,AWS,Health Insurance;401(k)
EMP-0128,Mia,Lewis,mia.lewis128@hrms-practice.com,+1-637-9088,Human Resources,QA Engineer,114206,2024-06-20,1993-01-28,Male,Full-time,Active,San Francisco,France,20,5,Elizabeth Wilson,Git;SQL,Health Insurance;401(k)
EMP-0129,Amelia,Young,amelia.young129@hrms-practice.com,+1-665-6983,Product,Scrum Master,116514,2012-08-12,1975-10-05,Non-binary,Full-time,Inactive,Toronto,France,3,1,Scarlett Harris,Git;TypeScript,Health Insurance;401(k)
EMP-0130,Jackson,Lewis,jackson.lewis130@hrms-practice.com,+1-460-1545,Operations,Business Analyst,101045,2015-03-11,1972-04-27,Female,Full-time,Active,New York,Australia,10,1,Ella Clark,Git;AWS,Health Insurance;401(k)
EMP-0131,Jackson,Allen,jackson.allen131@hrms-practice.com,+1-322-4774,Design,UX Designer,107798,2024-07-01,1995-11-19,Male,Intern,Active,Chicago,Australia,3,3,Benjamin Walker,Python;Angular,Health Insurance;401(k)
EMP-0132,Sofia,Martin,sofia.martin132@hrms-practice.com,+1-551-1669,Legal,Compliance Officer,56774,2019-12-17,1993-11-21,Prefer not to say,Part-time,Inactive,Toronto,USA,13,4,Olivia Anderson,React;Agile,Health Insurance;401(k)
EMP-0133,Joseph,Smith,joseph.smith133@hrms-practice.com,+1-546-4231,Operations,Business Analyst,107971,2016-10-14,1977-07-12,Female,Full-time,On Leave,New York,Canada,2,4,Abigail White,AWS;Java,Health Insurance;401(k)
EMP-0134,Victoria,Harris,victoria.harris134@hrms-practice.com,+1-607-6460,Customer Support,DevOps Engineer,61391,2020-04-28,1987-05-01,Non-binary,Part-time,Inactive,San Francisco,Singapore,0,1,Avery Smith,Python;JavaScript,Health Insurance;401(k)
EMP-0135,Jackson,Young,jackson.young135@hrms-practice.com,+1-136-2355,Engineering,Tech Lead,77033,2022-12-13,1972-07-27,Male,Contract,Active,San Francisco,USA,15,5,Emma Ramirez,AWS;React,Health Insurance;401(k)
EMP-0136,Victoria,Allen,victoria.allen136@hrms-practice.com,+1-331-3917,Finance,Financial Analyst,74897,2013-12-06,1972-06-15,Male,Intern,On Leave,Toronto,Singapore,9,5,Joseph Martinez,TypeScript;Docker,Health Insurance;401(k)
EMP-0137,Avery,Jones,avery.jones137@hrms-practice.com,+1-593-5146,Product,Product Manager,94984,2012-09-18,1968-06-02,Prefer not to say,Contract,On Leave,Toronto,USA,12,1,Jackson Robinson,Machine Learning;Java,Health Insurance;401(k)
EMP-0138,Mason,Young,mason.young138@hrms-practice.com,+1-321-9042,Human Resources,QA Engineer,57292,2021-08-28,1970-12-25,Prefer not to say,Full-time,Active,Toronto,France,9,5,Avery Lewis,SQL,Health Insurance;401(k)
EMP-0139,Logan,Moore,logan.moore139@hrms-practice.com,+1-716-9604,Operations,Project Manager,121823,2019-11-18,1987-01-10,Female,Full-time,Inactive,Berlin,United Kingdom,9,4,Noah Jackson,Python;Docker,Health Insurance;401(k)
EMP-0140,Noah,Martinez,noah.martinez140@hrms-practice.com,+1-278-9832,Marketing,Marketing Manager,88576,2012-11-26,1970-04-21,Prefer not to say,Part-time,On Leave,Sydney,India,17,5,Logan Lopez,Java;Python,Health Insurance;401(k)
EMP-0141,Sebastian,Martin,sebastian.martin141@hrms-practice.com,+1-206-3728,Product,Scrum Master,117551,2015-11-05,1988-12-13,Female,Contract,Active,Toronto,USA,19,3,Luna Jackson,TypeScript;Java,Health Insurance;401(k)
EMP-0142,Henry,Sanchez,henry.sanchez142@hrms-practice.com,+1-802-3290,Operations,Operations Manager,128749,2021-05-20,1992-05-23,Female,Full-time,On Leave,Sydney,USA,1,2,Joseph Taylor,JavaScript;React,Health Insurance;401(k)
EMP-0143,Oliver,Johnson,oliver.johnson143@hrms-practice.com,+1-563-2518,Operations,Operations Manager,42169,2020-08-25,1992-10-03,Female,Intern,Active,Toronto,Canada,14,2,Matthew Taylor,React;Git,Health Insurance;401(k)
EMP-0144,Aria,Young,aria.young144@hrms-practice.com,+1-692-4414,Marketing,Content Writer,137811,2018-11-01,1997-08-20,Female,Contract,Active,Chicago,USA,21,5,Madison Young,React;Git,Health Insurance;401(k)
EMP-0145,Michael,Perez,michael.perez145@hrms-practice.com,+1-587-2976,Human Resources,DevOps Engineer,95675,2018-08-13,1987-04-26,Male,Contract,Active,Chicago,Germany,8,3,Abigail Johnson,SQL;Docker,Health Insurance;401(k)
EMP-0146,Owen,Moore,owen.moore146@hrms-practice.com,+1-549-1205,Sales,Account Executive,75761,2012-01-15,1974-12-04,Non-binary,Full-time,Inactive,Mumbai,Australia,4,2,Madison Hernandez,JavaScript;Machine Learning,Health Insurance;401(k)
EMP-0147,Abigail,Young,abigail.young147@hrms-practice.com,+1-877-2100,Sales,Sales Manager,118070,2016-07-15,1995-01-17,Male,Part-time,Active,Toronto,France,16,5,Emily King,React;Agile,Health Insurance;401(k)
EMP-0148,Sophia,Garcia,sophia.garcia148@hrms-practice.com,+1-972-8662,Sales,Sales Manager,142601,2024-06-24,1973-11-21,Female,Intern,Inactive,Toronto,India,7,2,Daniel Hernandez,Docker;Git,Health Insurance;401(k)
EMP-0149,Ethan,Perez,ethan.perez149@hrms-practice.com,+1-234-5891,Customer Support,Tech Lead,69354,2012-02-23,1975-10-23,Female,Intern,Inactive,New York,United Kingdom,8,1,Ella Ramirez,Angular;Agile,Health Insurance;401(k)
EMP-0150,Scarlett,Martin,scarlett.martin150@hrms-practice.com,+1-762-5786,Human Resources,DevOps Engineer,58329,2024-11-21,1984-01-05,Non-binary,Intern,Inactive,Sydney,USA,3,3,Aria Thompson,Machine Learning;Docker,Health Insurance;401(k)
EMP-0151,Evelyn,Wilson,evelyn.wilson151@hrms-practice.com,+1-157-2348,Sales,Sales Manager,149527,2012-12-26,1978-02-06,Female,Intern,Active,London,France,0,5,Alexander Rodriguez,SQL;Angular,Health Insurance;401(k)
EMP-0152,Daniel,Wilson,daniel.wilson152@hrms-practice.com,+1-519-7577,Human Resources,Senior Engineer,142947,2020-11-22,1997-03-05,Prefer not to say,Part-time,Active,Mumbai,Germany,5,3,Carter Allen,Angular,Health Insurance;401(k)
EMP-0153,Matthew,Allen,matthew.allen153@hrms-practice.com,+1-348-6472,Legal,Legal Counsel,78588,2014-11-16,1992-10-12,Prefer not to say,Intern,Active,Chicago,USA,5,4,Camila Scott,Python;TypeScript,Health Insurance;401(k)
EMP-0154,Elijah,Martinez,elijah.martinez154@hrms-practice.com,+1-843-2034,Human Resources,Senior Engineer,116453,2022-03-19,1973-01-09,Male,Part-time,Active,New York,Canada,7,5,Grace Robinson,Machine Learning;Git,Health Insurance;401(k)
EMP-0155,Logan,Robinson,logan.robinson155@hrms-practice.com,+1-504-6263,Engineering,DevOps Engineer,56539,2012-04-12,1979-05-05,Male,Contract,Active,London,France,17,3,Emma Clark,Python;Docker,Health Insurance;401(k)
EMP-0156,Ethan,Allen,ethan.allen156@hrms-practice.com,+1-533-4158,Design,UI Designer,58848,2012-06-03,1990-02-10,Non-binary,Contract,On Leave,Sydney,France,0,4,Amelia Johnson,TypeScript;Java,Health Insurance;401(k)
EMP-0157,Madison,Robinson,madison.robinson157@hrms-practice.com,+1-328-7720,Sales,Account Executive,43379,2015-01-03,1988-08-04,Female,Contract,On Leave,Chicago,Australia,6,5,Ava Brown,TypeScript;Git,Health Insurance;401(k)
EMP-0158,Madison,King,madison.king158@hrms-practice.com,+1-190-1949,Operations,Business Analyst,50132,2012-05-20,1981-03-25,Male,Part-time,Active,Toronto,Germany,0,2,Aiden Davis,SQL;AWS,Health Insurance;401(k)
EMP-0159,Samuel,Lee,samuel.lee159@hrms-practice.com,+1-418-7844,Sales,Account Executive,119107,2019-10-08,1979-03-26,Prefer not to say,Intern,Active,Sydney,USA,9,2,Ella Clark,Docker;TypeScript,Health Insurance;401(k)
EMP-0160,Ava,Johnson,ava.johnson160@hrms-practice.com,+1-413-1406,Sales,Account Executive,50305,2017-08-05,1993-11-17,Female,Contract,Active,San Francisco,Australia,21,2,Grace Smith,Machine Learning;SQL,Health Insurance;401(k)
EMP-0161,Owen,Sanchez,owen.sanchez161@hrms-practice.com,+1-475-3635,Design,UI Designer,123724,2020-02-19,1972-09-07,Non-binary,Intern,Active,Chicago,Singapore,19,4,Sophia Wilson,AWS;Python,Health Insurance;401(k)
EMP-0162,Madison,Allen,madison.allen162@hrms-practice.com,+1-903-8530,Product,Product Manager,139366,2022-10-04,1987-11-05,Male,Full-time,On Leave,London,USA,11,4,Mila Jones,Machine Learning;SQL,Health Insurance;401(k)
EMP-0163,Emma,King,emma.king163@hrms-practice.com,+1-198-1092,Engineering,QA Engineer,137230,2014-10-26,1988-11-20,Male,Part-time,Active,Berlin,Singapore,6,3,Alexander Thompson,Angular;Agile,Health Insurance;401(k)
EMP-0164,Matthew,Garcia,matthew.garcia164@hrms-practice.com,+1-460-2321,Legal,Compliance Officer,157317,2012-08-09,1984-11-07,Prefer not to say,Full-time,Active,Berlin,USA,9,4,Oliver Miller,Java;Angular,Health Insurance;401(k)
EMP-0165,Mila,Allen,mila.allen165@hrms-practice.com,+1-189-6217,Customer Support,Tech Lead,119626,2021-06-19,1986-04-02,Prefer not to say,Contract,Active,Sydney,France,6,4,Sophia Garcia,Agile;Docker,Health Insurance;401(k)
EMP-0166,Ella,Moore,ella.moore166@hrms-practice.com,+1-584-6779,Marketing,Marketing Manager,64156,2020-09-09,1973-06-15,Female,Contract,On Leave,New York,United Kingdom,5,3,Daniel Young,AWS;Agile,Health Insurance;401(k)
EMP-0167,Charlotte,Martinez,charlotte.martinez167@hrms-practice.com,+1-146-7007,Finance,Finance Manager,150909,2012-09-17,1986-09-26,Prefer not to say,Intern,Active,Mumbai,India,13,3,Joseph White,Docker;React,Health Insurance;401(k)
EMP-0168,Luna,Lee,luna.lee168@hrms-practice.com,+1-974-9903,Design,UI Designer,59885,2015-10-24,1974-04-18,Female,Full-time,Active,Berlin,USA,16,2,Abigail Young,SQL;Angular,Health Insurance;401(k)
EMP-0169,Samuel,Sanchez,samuel.sanchez169@hrms-practice.com,+1-669-9465,Marketing,SEO Specialist,71082,2021-03-11,1978-09-28,Female,Contract,Active,Mumbai,USA,20,5,Alexander Lewis,React;SQL,Health Insurance;401(k)
EMP-0170,Logan,Johnson,logan.johnson170@hrms-practice.com,+1-431-8693,Sales,Sales Manager,104502,2021-06-16,1977-02-08,Female,Part-time,On Leave,Sydney,Canada,11,5,Lucas Robinson,Docker;Machine Learning,Health Insurance;401(k)
EMP-0171,Joseph,Allen,joseph.allen171@hrms-practice.com,+1-559-1589,Human Resources,Software Engineer,80144,2018-09-20,1982-01-25,Female,Full-time,Active,London,USA,18,3,Evelyn Rodriguez,Git;Machine Learning,Health Insurance;401(k)
EMP-0172,Aria,Perez,aria.perez172@hrms-practice.com,+1-454-9151,Engineering,Tech Lead,38008,2018-06-04,1973-08-04,Male,Full-time,Active,Toronto,Germany,5,1,Grace Anderson,Agile;Machine Learning,Health Insurance;401(k)
EMP-0173,Oliver,Moore,oliver.moore173@hrms-practice.com,+1-416-7380,Finance,Financial Analyst,138095,2012-11-06,1989-04-09,Non-binary,Contract,Active,San Francisco,Australia,0,5,Evelyn Thompson,Angular;Python,Health Insurance;401(k)
EMP-0174,Daniel,Allen,daniel.allen174@hrms-practice.com,+1-744-8275,Finance,Accountant,60403,2017-05-06,1981-05-23,Male,Intern,On Leave,Berlin,France,12,3,Chloe Martinez,Docker;JavaScript,Health Insurance;401(k)
EMP-0175,Lucas,Garcia,lucas.garcia175@hrms-practice.com,+1-840-5837,Marketing,Content Writer,84934,2024-04-16,1988-03-26,Female,Part-time,Active,Sydney,India,4,5,William White,JavaScript;Machine Learning,Health Insurance;401(k)
EMP-0176,Sofia,Perez,sofia.perez176@hrms-practice.com,+1-101-3066,Product,Product Manager,131687,2012-12-14,1991-02-28,Female,Part-time,Active,Chicago,United Kingdom,5,4,Ava Jones,Git;TypeScript,Health Insurance;401(k)
EMP-0177,Carter,Lee,carter.lee177@hrms-practice.com,+1-630-2961,Engineering,Senior Engineer,120663,2024-09-12,1969-06-11,Non-binary,Part-time,Active,Berlin,USA,0,1,Charlotte Scott,Java;Agile,Health Insurance;401(k)
EMP-0178,Michael,Anderson,michael.anderson178@hrms-practice.com,+1-925-8523,Marketing,Content Writer,91860,2012-11-18,1993-06-11,Female,Part-time,Active,Sydney,France,19,3,Grace Perez,Agile;AWS,Health Insurance;401(k)
EMP-0179,Scarlett,Anderson,scarlett.anderson179@hrms-practice.com,+1-387-4752,Engineering,QA Engineer,85280,2021-09-13,1983-08-10,Male,Intern,Inactive,New York,France,2,1,Ethan Martinez,Git;Docker,Health Insurance;401(k)
EMP-0180,Chloe,Allen,chloe.allen180@hrms-practice.com,+1-215-3647,Sales,Sales Manager,140922,2014-09-08,1978-02-18,Prefer not to say,Part-time,On Leave,Toronto,USA,2,3,Mia Gonzalez,SQL;React,Health Insurance;401(k)
EMP-0181,Emily,Hernandez,emily.hernandez181@hrms-practice.com,+1-710-8209,Customer Support,Software Engineer,58786,2023-01-10,1988-05-15,Male,Intern,Active,San Francisco,Canada,3,4,Emily Miller,React;Machine Learning,Health Insurance;401(k)
EMP-0182,Ella,Walker,ella.walker182@hrms-practice.com,+1-372-3438,Product,Product Manager,118872,2012-02-03,1994-10-11,Male,Full-time,On Leave,Toronto,France,14,2,Mila Williams,SQL;Agile,Health Insurance;401(k)
EMP-0183,Sofia,Allen,sofia.allen183@hrms-practice.com,+1-400-1333,Operations,Operations Manager,121181,2012-05-22,1976-07-15,Non-binary,Full-time,Active,Berlin,France,19,2,Victoria Anderson,Angular,Health Insurance;401(k)
EMP-0184,Liam,Walker,liam.walker184@hrms-practice.com,+1-195-4895,Finance,Financial Analyst,105712,2015-12-22,1973-01-09,Female,Part-time,Active,London,Germany,3,3,Avery Thomas,Angular;JavaScript,Health Insurance;401(k)
EMP-0185,Olivia,Wright,olivia.wright185@hrms-practice.com,+1-957-8124,Sales,Account Executive,112465,2012-04-11,1996-07-02,Male,Intern,Inactive,Sydney,Germany,19,5,Charlotte Lee,Agile;Git,Health Insurance;401(k)
EMP-0186,Emma,Lee,emma.lee186@hrms-practice.com,+1-286-5019,Marketing,Marketing Manager,61440,2020-08-27,1994-07-03,Male,Part-time,Active,Mumbai,USA,6,1,Ava Brown,JavaScript;Java,Health Insurance;401(k)
EMP-0187,Elijah,Williams,elijah.williams187@hrms-practice.com,+1-281-7581,Finance,Financial Analyst,112638,2017-06-24,1978-04-22,Female,Full-time,Active,London,Australia,17,1,Emily Wilson,Java;Docker,Health Insurance;401(k)
EMP-0188,Isabella,Clark,isabella.clark188@hrms-practice.com,+1-342-9810,Legal,Legal Counsel,66058,2021-01-10,1988-01-12,Non-binary,Part-time,Active,London,Singapore,16,2,Sofia Sanchez,Machine Learning;React,Health Insurance;401(k)
EMP-0189,Liam,Allen,liam.allen189@hrms-practice.com,+1-771-5705,Design,Graphic Designer,81700,2023-08-23,1973-04-10,Male,Contract,Active,Toronto,USA,8,2,Olivia Taylor,React;Docker,Health Insurance;401(k)
EMP-0190,Oliver,Wright,oliver.wright190@hrms-practice.com,+1-966-7267,Customer Support,Tech Lead,79564,2014-09-17,1973-03-26,Male,Intern,Inactive,Mumbai,Singapore,2,2,Carter Wright,Git;JavaScript,Health Insurance;401(k)
EMP-0191,Chloe,Miller,chloe.miller191@hrms-practice.com,+1-328-8496,Operations,Project Manager,99650,2012-06-28,1970-03-12,Prefer not to say,Contract,Inactive,Mumbai,USA,6,3,Sebastian Martin,AWS,Health Insurance;401(k)
EMP-0192,Aria,King,aria.king192@hrms-practice.com,+1-956-3392,Product,Product Manager,61959,2021-04-10,1971-08-07,Prefer not to say,Part-time,Inactive,Mumbai,France,3,2,Sofia Jackson,Java;Agile,Health Insurance;401(k)
EMP-0193,Scarlett,Jackson,scarlett.jackson193@hrms-practice.com,+1-451-3954,Finance,Finance Manager,126490,2020-07-28,1989-10-20,Female,Full-time,Active,San Francisco,United Kingdom,2,1,William Rodriguez,Machine Learning;JavaScript,Health Insurance;401(k)
EMP-0194,Alexander,Hernandez,alexander.hernandez194@hrms-practice.com,+1-913-4182,Engineering,DevOps Engineer,93243,2012-07-08,1971-01-04,Prefer not to say,Part-time,Active,New York,India,10,1,Alexander Smith,JavaScript;SQL,Health Insurance;401(k)
EMP-0195,Noah,Perez,noah.perez195@hrms-practice.com,+1-841-7078,Legal,Legal Counsel,122218,2015-08-15,1990-08-24,Female,Contract,On Leave,Mumbai,USA,12,5,Grace Davis,Agile;Docker,Health Insurance;401(k)
EMP-0196,Emma,Clark,emma.clark196@hrms-practice.com,+1-537-6640,Finance,Accountant,133416,2021-02-02,1994-01-05,Female,Full-time,Inactive,New York,USA,16,4,Carter Garcia,Git,Health Insurance;401(k)
EMP-0197,Ella,Williams,ella.williams197@hrms-practice.com,+1-298-5868,Finance,Accountant,46835,2021-04-07,1993-07-14,Female,Intern,Active,Mumbai,Canada,7,4,Samuel Miller,JavaScript;TypeScript,Health Insurance;401(k)
EMP-0198,Ava,King,ava.king198@hrms-practice.com,+1-427-7764,Engineering,DevOps Engineer,142477,2018-08-11,1968-05-02,Female,Contract,Inactive,Sydney,USA,14,2,Luna Perez,TypeScript,Health Insurance;401(k)
EMP-0199,Joseph,Thompson,joseph.thompson199@hrms-practice.com,+1-322-6326,Product,Product Manager,100342,2018-04-23,1989-12-09,Male,Contract,Inactive,Sydney,France,1,5,Emily Clark,Python;TypeScript,Health Insurance;401(k)
EMP-0200,Evelyn,Jackson,evelyn.jackson200@hrms-practice.com,+1-284-4555,Human Resources,DevOps Engineer,80428,2012-09-25,1975-08-14,Non-binary,Full-time,Active,Chicago,Australia,19,4,Luna Scott,Git;React,Health Insurance;401(k)
EMP-0201,Matthew,King,matthew.king201@hrms-practice.com,+1-612-5450,Human Resources,Software Engineer,122737,2017-03-26,1996-09-28,Male,Part-time,Active,Mumbai,France,9,1,Elizabeth Thompson,JavaScript;Java,Health Insurance;401(k)
EMP-0202,Elizabeth,Miller,elizabeth.miller202@hrms-practice.com,+1-707-3012,Human Resources,Senior Engineer,147268,2024-02-07,1974-07-03,Female,Intern,Active,Mumbai,India,1,4,Henry Smith,React;TypeScript,Health Insurance;401(k)
EMP-0203,Samuel,Thompson,samuel.thompson203@hrms-practice.com,+1-869-9241,Legal,Compliance Officer,74021,2012-10-05,1976-06-05,Female,Intern,Active,London,United Kingdom,2,3,Avery Taylor,TypeScript;Java,Health Insurance;401(k)
EMP-0204,Sophia,Perez,sophia.perez204@hrms-practice.com,+1-497-9136,Product,Product Manager,62996,2024-07-03,1985-10-16,Non-binary,Intern,Active,New York,USA,19,5,Scarlett Lopez,AWS;JavaScript,Health Insurance;401(k)
EMP-0205,Aria,Anderson,aria.anderson205@hrms-practice.com,+1-792-5698,Human Resources,Software Engineer,154193,2013-09-09,1979-10-16,Female,Intern,On Leave,Berlin,India,15,1,Emily King,Python;Git,Health Insurance;401(k)
EMP-0206,Chloe,Anderson,chloe.anderson206@hrms-practice.com,+1-254-1927,Product,Product Owner,147613,2021-08-04,1968-12-15,Male,Part-time,On Leave,Chicago,France,21,5,Owen Thompson,Python;Agile,Health Insurance;401(k)
EMP-0207,James,King,james.king207@hrms-practice.com,+1-983-9822,Marketing,SEO Specialist,83255,2014-07-27,1993-06-23,Prefer not to say,Intern,Active,Sydney,USA,21,1,Aria Sanchez,Agile;SQL,Health Insurance;401(k)
EMP-0208,Sofia,Hernandez,sofia.hernandez208@hrms-practice.com,+1-578-5384,Product,Scrum Master,121119,2023-11-02,1974-10-20,Male,Part-time,On Leave,London,Canada,0,2,Chloe Martin,Docker;Python,Health Insurance;401(k)
EMP-0209,Scarlett,Walker,scarlett.walker209@hrms-practice.com,+1-239-9613,Design,UX Designer,61206,2012-01-22,1980-02-16,Male,Contract,Active,Berlin,India,11,5,Olivia Thomas,Agile;TypeScript,Health Insurance;401(k)
EMP-0210,Madison,King,madison.king210@hrms-practice.com,+1-268-7508,Sales,Sales Manager,63514,2013-03-13,1992-11-20,Non-binary,Contract,Inactive,New York,France,16,1,Harper Clark,Git;AWS,Health Insurance;401(k)
EMP-0211,Benjamin,Walker,benjamin.walker211@hrms-practice.com,+1-963-2070,Human Resources,QA Engineer,48045,2016-10-13,1989-05-14,Female,Intern,Active,Sydney,Germany,0,2,Sophia Lewis,Agile;Python,Health Insurance;401(k)
EMP-0212,Benjamin,Wright,benjamin.wright212@hrms-practice.com,+1-825-5299,Finance,Financial Analyst,54798,2012-02-02,1982-12-07,Male,Part-time,Active,Mumbai,Germany,15,4,Scarlett King,Java;JavaScript,Health Insurance;401(k)
EMP-0213,Oliver,Perez,oliver.perez213@hrms-practice.com,+1-153-2194,Human Resources,QA Engineer,123774,2020-07-19,1980-11-08,Male,Full-time,On Leave,New York,USA,3,4,Avery Taylor,Angular,Health Insurance;401(k)
EMP-0214,Ethan,Williams,ethan.williams214@hrms-practice.com,+1-148-4756,Human Resources,DevOps Engineer,54971,2017-04-15,1994-08-27,Female,Contract,On Leave,Toronto,Australia,14,4,Chloe Sanchez,AWS;Agile,Health Insurance;401(k)
EMP-0215,Evelyn,Clark,evelyn.clark215@hrms-practice.com,+1-210-6985,Sales,Sales Manager,128391,2021-11-01,1973-05-17,Non-binary,Intern,Inactive,Sydney,Singapore,12,1,Isabella Williams,Java;AWS,Health Insurance;401(k)
EMP-0216,Mia,King,mia.king216@hrms-practice.com,+1-638-2880,Legal,Paralegal,144033,2023-06-15,1988-08-15,Male,Full-time,Inactive,Berlin,USA,5,1,Michael Robinson,Docker;Machine Learning,Health Insurance;401(k)
EMP-0217,Evelyn,Scott,evelyn.scott217@hrms-practice.com,+1-833-4442,Design,UX Designer,141897,2014-07-08,1989-07-03,Male,Part-time,On Leave,San Francisco,Singapore,21,5,Ethan Lopez,TypeScript;Python,Health Insurance;401(k)
EMP-0218,James,Davis,james.davis218@hrms-practice.com,+1-195-5671,Marketing,Marketing Manager,41984,2012-04-19,1985-07-18,Prefer not to say,Full-time,Active,San Francisco,USA,2,1,Benjamin Young,JavaScript;Git,Health Insurance;401(k)
EMP-0219,Joseph,King,joseph.king219@hrms-practice.com,+1-824-9567,Legal,Compliance Officer,124292,2021-02-01,1987-12-13,Prefer not to say,Intern,Active,New York,France,0,5,Isabella Young,AWS;JavaScript,Health Insurance;401(k)
EMP-0220,Carter,Martin,carter.martin220@hrms-practice.com,+1-319-1129,Engineering,Tech Lead,68823,2020-05-20,1974-02-25,Female,Contract,Inactive,London,United Kingdom,21,4,Henry Lee,Java,Health Insurance;401(k)
EMP-0221,Henry,Lopez,henry.lopez221@hrms-practice.com,+1-781-1357,Customer Support,Senior Engineer,155576,2012-05-27,1987-05-09,Prefer not to say,Intern,On Leave,Chicago,Singapore,7,5,Carter Wilson,React;Docker,Health Insurance;401(k)
EMP-0222,Elijah,Perez,elijah.perez222@hrms-practice.com,+1-709-4253,Sales,Sales Manager,64551,2016-06-06,1975-01-01,Female,Full-time,Active,San Francisco,USA,9,4,Emily Lee,Python;Agile,Health Insurance;401(k)
EMP-0223,Oliver,Ramirez,oliver.ramirez223@hrms-practice.com,+1-404-3815,Engineering,Senior Engineer,75749,2022-12-22,1979-05-10,Female,Contract,Active,Chicago,USA,13,2,Ethan Jackson,TypeScript;Machine Learning,Health Insurance;401(k)
EMP-0224,Aiden,Brown,aiden.brown224@hrms-practice.com,+1-166-3043,Human Resources,Software Engineer,109169,2021-02-27,1979-11-19,Female,Part-time,Active,New York,Canada,4,2,Mason Jackson,Angular;Java,Health Insurance;401(k)
EMP-0225,Amelia,King,amelia.king225@hrms-practice.com,+1-294-4939,Product,Product Owner,84811,2019-06-02,1984-09-08,Female,Full-time,Active,Berlin,USA,11,5,Logan King,Angular;Java,Health Insurance;401(k)
EMP-0226,William,White,william.white226@hrms-practice.com,+1-189-3501,Design,Graphic Designer,42675,2019-02-14,1974-04-14,Male,Full-time,Active,Berlin,France,20,3,Chloe Brown,AWS;Java,Health Insurance;401(k)
EMP-0227,Michael,Martin,michael.martin227@hrms-practice.com,+1-151-1730,Customer Support,Tech Lead,142761,2012-07-16,1990-01-19,Non-binary,Contract,Inactive,Toronto,Australia,16,2,Abigail Gonzalez,TypeScript;SQL,Health Insurance;401(k)
EMP-0228,Chloe,King,chloe.king228@hrms-practice.com,+1-479-2625,Customer Support,DevOps Engineer,65070,2017-02-17,1982-02-05,Female,Intern,Active,San Francisco,France,6,5,Emma Scott,React;Angular,Health Insurance;401(k)
EMP-0229,Jackson,Davis,jackson.davis229@hrms-practice.com,+1-575-9187,Engineering,Software Engineer,89601,2024-01-26,1989-12-08,Female,Part-time,Inactive,New York,Singapore,20,2,James Wilson,Docker;Java,Health Insurance;401(k)
EMP-0230,Emma,White,emma.white230@hrms-practice.com,+1-736-6416,Operations,Project Manager,136354,2012-09-25,1992-10-11,Female,Part-time,Inactive,Sydney,United Kingdom,20,1,Sophia Robinson,Angular,Health Insurance;401(k)
EMP-0231,Harper,Thompson,harper.thompson231@hrms-practice.com,+1-365-6311,Design,Graphic Designer,125329,2024-05-22,1970-02-21,Non-binary,Part-time,Inactive,San Francisco,USA,15,3,Amelia Harris,Machine Learning;Java,Health Insurance;401(k)
EMP-0232,Grace,Thomas,grace.thomas232@hrms-practice.com,+1-660-2873,Engineering,QA Engineer,96527,2013-07-28,1994-03-21,Female,Part-time,Active,New York,India,12,5,Chloe Hernandez,SQL;JavaScript,Health Insurance;401(k)
EMP-0233,James,Thomas,james.thomas233@hrms-practice.com,+1-122-8102,Design,UX Designer,89947,2021-06-24,1984-04-20,Male,Intern,Active,London,France,18,3,Jacob Wright,SQL;JavaScript,Health Insurance;401(k)
EMP-0234,Mason,Wright,mason.wright234@hrms-practice.com,+1-850-6997,Human Resources,Senior Engineer,145588,2014-05-18,1979-11-28,Prefer not to say,Part-time,Active,Mumbai,USA,18,5,Benjamin Williams,Java;Docker,Health Insurance;401(k)
EMP-0235,Samuel,Lopez,samuel.lopez235@hrms-practice.com,+1-445-2559,Legal,Paralegal,63453,2023-10-21,1989-02-25,Male,Full-time,Active,Toronto,Canada,19,1,Elizabeth Young,JavaScript;React,Health Insurance;401(k)
EMP-0236,Carter,Young,carter.young236@hrms-practice.com,+1-107-6788,Legal,Compliance Officer,123539,2012-11-13,1996-06-21,Female,Full-time,Active,Mumbai,India,7,3,Ella Lewis,Python;Java,Health Insurance;401(k)
EMP-0237,Liam,Wright,liam.wright237@hrms-practice.com,+1-135-4683,Finance,Accountant,125848,2013-01-05,1977-03-25,Non-binary,Full-time,Active,San Francisco,France,12,4,Madison Brown,Python;Agile,Health Insurance;401(k)
EMP-0238,Abigail,Young,abigail.young238@hrms-practice.com,+1-830-8245,Engineering,Tech Lead,110379,2016-08-04,1974-09-19,Female,Part-time,On Leave,Berlin,Germany,19,5,Sofia Garcia,Python;React,Health Insurance;401(k)
EMP-0239,Abigail,Scott,abigail.scott239@hrms-practice.com,+1-692-2474,Human Resources,DevOps Engineer,117132,2013-12-22,1997-04-12,Male,Intern,Active,New York,Germany,12,2,Amelia Martinez,AWS;Python,Health Insurance;401(k)
EMP-0240,Logan,Thompson,logan.thompson240@hrms-practice.com,+1-921-8369,Engineering,DevOps Engineer,66107,2020-05-10,1996-04-14,Male,Contract,Active,Chicago,USA,0,3,Sophia Lewis,Git;AWS,Health Insurance;401(k)
EMP-0241,Sofia,Brown,sofia.brown241@hrms-practice.com,+1-916-1931,Customer Support,Tech Lead,117305,2017-03-06,1980-12-04,Female,Full-time,Active,Berlin,Australia,11,3,Elizabeth Williams,JavaScript,Health Insurance;401(k)
EMP-0242,Michael,Ramirez,michael.ramirez242@hrms-practice.com,+1-977-4160,Marketing,Content Writer,70724,2021-09-21,1989-10-22,Non-binary,Part-time,Active,Berlin,USA,9,4,Camila Thomas,AWS;Git,Health Insurance;401(k)
EMP-0243,Abigail,Wright,abigail.wright243@hrms-practice.com,+1-506-9055,Sales,Sales Representative,86366,2023-05-06,1974-12-20,Male,Contract,Active,Mumbai,USA,2,4,Noah Miller,JavaScript;TypeScript,Health Insurance;401(k)
EMP-0244,Ella,Scott,ella.scott244@hrms-practice.com,+1-701-1617,Legal,Compliance Officer,84230,2014-05-27,1975-11-08,Male,Intern,Active,Chicago,USA,18,4,Owen Harris,Angular;React,Health Insurance;401(k)
EMP-0245,Mason,Davis,mason.davis245@hrms-practice.com,+1-963-2846,Finance,Finance Manager,104317,2013-02-10,1971-11-23,Prefer not to say,Contract,Active,Chicago,USA,21,5,Aiden Rodriguez,React;JavaScript,Health Insurance;401(k)
EMP-0246,Ava,Wright,ava.wright246@hrms-practice.com,+1-691-6742,Operations,Project Manager,66626,2022-12-20,1972-04-18,Prefer not to say,Part-time,Active,Chicago,France,19,4,Camila Davis,Machine Learning;Python,Health Insurance;401(k)
EMP-0247,Sophia,Martin,sophia.martin247@hrms-practice.com,+1-186-7304,Customer Support,Software Engineer,131156,2020-04-11,1990-06-02,Female,Full-time,Active,Toronto,United Kingdom,18,3,James King,AWS;Angular,Health Insurance;401(k)
EMP-0248,Victoria,Lopez,victoria.lopez248@hrms-practice.com,+1-648-7532,Design,UX Designer,97909,2013-03-19,1972-09-14,Prefer not to say,Part-time,Active,London,Singapore,4,3,Ethan Sanchez,Docker;Machine Learning,Health Insurance;401(k)
EMP-0249,Emily,Thompson,emily.thompson249@hrms-practice.com,+1-576-1428,Marketing,Content Writer,126885,2016-04-26,1991-05-06,Female,Contract,Inactive,Chicago,USA,6,2,Chloe King,SQL;JavaScript,Health Insurance;401(k)
EMP-0250,Logan,Ramirez,logan.ramirez250@hrms-practice.com,+1-272-9990,Customer Support,QA Engineer,138082,2022-10-13,1995-10-15,Female,Full-time,Active,London,USA,10,5,Owen Walker,Angular;TypeScript,Health Insurance;401(k)
EMP-0251,Carter,Brown,carter.brown251@hrms-practice.com,+1-933-9218,Customer Support,DevOps Engineer,51502,2021-01-18,1994-03-24,Female,Intern,On Leave,Chicago,Canada,1,5,David Young,Git;SQL,Health Insurance;401(k)
EMP-0252,Ethan,Wright,ethan.wright252@hrms-practice.com,+1-162-2114,Design,UX Designer,147144,2019-04-22,1969-01-13,Female,Intern,Active,New York,USA,8,3,Joseph Hernandez,Git;SQL,Health Insurance;401(k)
EMP-0253,Amelia,White,amelia.white253@hrms-practice.com,+1-957-9676,Operations,Project Manager,105008,2019-12-06,1990-09-19,Male,Contract,Active,New York,France,17,1,Elizabeth Taylor,Machine Learning;Angular,Health Insurance;401(k)
EMP-0254,Aiden,Martin,aiden.martin254@hrms-practice.com,+1-919-7905,Product,Product Manager,85095,2013-06-07,1976-05-25,Non-binary,Full-time,Active,Sydney,Australia,13,1,Grace Harris,Angular;Docker,Health Insurance;401(k)
EMP-0255,James,Wright,james.wright255@hrms-practice.com,+1-347-8800,Product,Product Owner,127403,2017-12-08,1968-06-10,Female,Part-time,On Leave,Chicago,India,3,3,Mila Lopez,Git;AWS,Health Insurance;401(k)
EMP-0256,David,Rodriguez,david.rodriguez256@hrms-practice.com,+1-442-6362,Customer Support,DevOps Engineer,151934,2012-11-17,1975-04-14,Female,Intern,Active,Chicago,Singapore,17,1,Jackson Sanchez,TypeScript;Angular,Health Insurance;401(k)
EMP-0257,Mia,Harris,mia.harris257@hrms-practice.com,+1-604-3591,Marketing,Marketing Manager,78687,2013-07-16,1978-03-16,Non-binary,Intern,Active,Berlin,United Kingdom,17,4,Sofia Miller,Agile;AWS,Health Insurance;401(k)
EMP-0258,Jacob,Thompson,jacob.thompson258@hrms-practice.com,+1-232-3486,Operations,Project Manager,67663,2012-04-13,1986-06-26,Non-binary,Intern,Active,London,USA,12,1,Victoria Johnson,React;Angular,Health Insurance;401(k)
EMP-0259,William,Taylor,william.taylor259@hrms-practice.com,+1-527-9048,Product,Product Owner,38860,2013-05-19,1980-07-27,Female,Intern,Active,San Francisco,India,9,3,Elizabeth White,Agile;Python,Health Insurance;401(k)
EMP-0260,Harper,Taylor,harper.taylor260@hrms-practice.com,+1-889-5277,Operations,Business Analyst,152280,2021-04-15,1969-08-26,Male,Part-time,Inactive,Sydney,France,14,2,Liam Lopez,Agile;Python,Health Insurance;401(k)
EMP-0261,Mila,Wright,mila.wright261@hrms-practice.com,+1-718-4172,Engineering,Software Engineer,87922,2015-03-09,1994-03-05,Prefer not to say,Intern,On Leave,New York,USA,14,3,Aiden Anderson,AWS;Agile,Health Insurance;401(k)
EMP-0262,Emma,Gonzalez,emma.gonzalez262@hrms-practice.com,+1-313-8734,Operations,Operations Manager,125786,2023-08-12,1975-06-02,Male,Contract,Active,Berlin,Canada,16,4,Emma Rodriguez,React;SQL,Health Insurance;401(k)
EMP-0263,Sophia,Allen,sophia.allen263@hrms-practice.com,+1-874-3963,Sales,Account Executive,65872,2013-09-04,1981-10-26,Female,Contract,On Leave,San Francisco,India,4,2,Ava Garcia,AWS;Angular,Health Insurance;401(k)
EMP-0264,Mia,Wright,mia.wright264@hrms-practice.com,+1-903-1858,Human Resources,Senior Engineer,68181,2013-11-24,1993-07-03,Non-binary,Contract,Active,London,India,9,3,Evelyn Taylor,SQL;JavaScript,Health Insurance;401(k)
EMP-0265,Daniel,Allen,daniel.allen265@hrms-practice.com,+1-698-5420,Product,Product Manager,52712,2016-06-24,1990-01-25,Female,Intern,Active,New York,Germany,15,3,Isabella Moore,SQL,Health Insurance;401(k)
EMP-0266,Avery,Smith,avery.smith266@hrms-practice.com,+1-560-8649,Customer Support,Tech Lead,59465,2013-10-13,1983-08-18,Male,Contract,On Leave,Chicago,Germany,9,1,Victoria Thompson,Machine Learning;React,Health Insurance;401(k)
EMP-0267,Ella,Thompson,ella.thompson267@hrms-practice.com,+1-788-5544,Product,Product Manager,128440,2020-03-01,1981-08-19,Male,Full-time,Active,London,USA,18,1,Sofia Garcia,TypeScript;Agile,Health Insurance;401(k)
EMP-0268,Samuel,Jones,samuel.jones268@hrms-practice.com,+1-783-8106,Product,Product Manager,59638,2018-01-26,1995-04-10,Female,Intern,Inactive,Mumbai,Australia,8,1,Emma Thomas,React;Python,Health Insurance;401(k)
EMP-0269,Aria,Lewis,aria.lewis269@hrms-practice.com,+1-845-1335,Finance,Financial Analyst,133058,2021-07-12,1975-02-27,Non-binary,Full-time,Active,New York,USA,6,3,Mia Ramirez,JavaScript;Machine Learning,Health Insurance;401(k)
EMP-0270,Daniel,Scott,daniel.scott270@hrms-practice.com,+1-373-6230,Marketing,SEO Specialist,148700,2023-03-25,1990-04-26,Male,Full-time,Active,San Francisco,USA,21,2,Daniel Martin,React;Java,Health Insurance;401(k)
EMP-0271,Aiden,Smith,aiden.smith271@hrms-practice.com,+1-568-7792,Sales,Account Executive,146564,2015-03-18,1990-03-13,Male,Part-time,Inactive,Toronto,USA,15,2,Jacob Smith,Agile;AWS,Health Insurance;401(k)
EMP-0272,Mila,Rodriguez,mila.rodriguez272@hrms-practice.com,+1-830-9021,Engineering,DevOps Engineer,46650,2013-01-02,1986-04-28,Prefer not to say,Full-time,Inactive,Toronto,United Kingdom,18,3,Elijah Perez,Docker;Python,Health Insurance;401(k)
EMP-0273,Elijah,Scott,elijah.scott273@hrms-practice.com,+1-559-3917,Sales,Sales Representative,128959,2022-11-12,1988-09-23,Prefer not to say,Intern,On Leave,London,India,15,2,Mia Lee,Java;Angular,Health Insurance;401(k)
EMP-0274,Harper,Lee,harper.lee274@hrms-practice.com,+1-954-4479,Product,Scrum Master,73490,2021-02-02,1975-11-08,Female,Contract,Active,Berlin,Canada,14,1,Jackson Hernandez,Machine Learning;AWS,Health Insurance;401(k)
EMP-0275,Owen,Gonzalez,owen.gonzalez275@hrms-practice.com,+1-516-4707,Legal,Compliance Officer,40243,2013-02-10,1988-01-19,Prefer not to say,Full-time,Inactive,Sydney,Singapore,0,2,Owen Williams,TypeScript,Health Insurance;401(k)
EMP-0276,Henry,White,henry.white276@hrms-practice.com,+1-444-7603,Human Resources,Senior Engineer,69218,2016-02-17,1976-09-11,Female,Full-time,On Leave,Toronto,USA,3,5,Elizabeth Martinez,Agile;Python,Health Insurance;401(k)
EMP-0277,Ella,Lewis,ella.lewis277@hrms-practice.com,+1-139-7165,Design,Graphic Designer,80416,2022-08-04,1980-02-21,Female,Contract,Inactive,Sydney,United Kingdom,7,4,Jacob Davis,Git;Java,Health Insurance;401(k)
EMP-0278,Sophia,Jones,sophia.jones278@hrms-practice.com,+1-801-6393,Product,Product Owner,113835,2022-11-09,1980-07-01,Female,Contract,Active,London,Canada,20,4,Logan Rodriguez,TypeScript;Docker,Health Insurance;401(k)
EMP-0279,Sofia,Scott,sofia.scott279@hrms-practice.com,+1-929-8289,Operations,Business Analyst,89477,2019-02-13,1985-06-18,Non-binary,Part-time,On Leave,San Francisco,USA,5,2,Alexander White,Python;Docker,Health Insurance;401(k)
EMP-0280,Ethan,Harris,ethan.harris280@hrms-practice.com,+1-824-6851,Sales,Sales Representative,47342,2019-11-25,1975-01-24,Male,Full-time,Inactive,San Francisco,France,14,5,Emma Robinson,Java;AWS,Health Insurance;401(k)
EMP-0281,Grace,Lee,grace.lee281@hrms-practice.com,+1-786-5080,Legal,Compliance Officer,147428,2013-04-27,1992-09-02,Non-binary,Contract,Active,Mumbai,Australia,9,4,Emily Johnson,Git;Machine Learning,Health Insurance;401(k)
EMP-0282,Mason,Scott,mason.scott282@hrms-practice.com,+1-214-5975,Legal,Legal Counsel,69737,2018-10-27,1983-10-15,Female,Intern,Active,Toronto,India,0,2,Olivia Harris,TypeScript;Git,Health Insurance;401(k)
EMP-0283,Olivia,Rodriguez,olivia.rodriguez283@hrms-practice.com,+1-310-3537,Design,UI Designer,94268,2012-09-08,1990-08-19,Female,Part-time,Active,London,Singapore,13,4,Oliver Williams,Angular;Docker,Health Insurance;401(k)
EMP-0284,Logan,Harris,logan.harris284@hrms-practice.com,+1-471-9766,Finance,Finance Manager,141021,2013-05-07,1993-07-21,Non-binary,Contract,Active,New York,Canada,14,3,Isabella Jackson,Python;Agile,Health Insurance;401(k)
EMP-0285,Camila,White,camila.white285@hrms-practice.com,+1-100-9661,Sales,Sales Representative,129996,2012-02-05,1972-11-04,Non-binary,Part-time,Active,Toronto,USA,9,5,Harper Anderson,Docker;AWS,Health Insurance;401(k)
EMP-0286,Amelia,Taylor,amelia.taylor286@hrms-practice.com,+1-395-6223,Design,UX Designer,101193,2013-04-10,1996-11-04,Female,Part-time,On Leave,London,India,6,2,Emma Scott,Java;React,Health Insurance;401(k)
EMP-0287,Mila,Taylor,mila.taylor287@hrms-practice.com,+1-757-2452,Sales,Sales Manager,94613,2022-02-06,1985-01-03,Male,Full-time,Active,Berlin,France,11,5,Michael Harris,Python;React,Health Insurance;401(k)
EMP-0288,Sebastian,Scott,sebastian.scott288@hrms-practice.com,+1-585-1347,Product,Scrum Master,150255,2015-02-28,1980-07-10,Prefer not to say,Part-time,Active,Chicago,USA,11,1,Elijah Ramirez,Machine Learning;TypeScript,Health Insurance;401(k)
EMP-0289,Mia,Gonzalez,mia.gonzalez289@hrms-practice.com,+1-180-5909,Marketing,SEO Specialist,68119,2024-06-03,1991-10-07,Male,Full-time,On Leave,Mumbai,Canada,13,3,Jacob Perez,Git;Docker,Health Insurance;401(k)
EMP-0290,Harper,Allen,harper.allen290@hrms-practice.com,+1-742-1138,Marketing,Marketing Manager,128206,2013-07-24,1997-02-03,Female,Full-time,Active,Chicago,India,1,5,Avery Moore,Machine Learning;AWS,Health Insurance;401(k)
EMP-0291,Abigail,Scott,abigail.scott291@hrms-practice.com,+1-770-8033,Customer Support,Software Engineer,130514,2013-10-15,1978-12-08,Non-binary,Full-time,Inactive,Toronto,India,6,1,Luna Lewis,Agile;Python,Health Insurance;401(k)
EMP-0292,Matthew,Allen,matthew.allen292@hrms-practice.com,+1-565-2595,Design,Graphic Designer,115045,2016-05-15,1976-05-02,Female,Part-time,Inactive,San Francisco,Germany,12,2,Camila Walker,Agile;Docker,Health Insurance;401(k)
EMP-0293,Matthew,Johnson,matthew.johnson293@hrms-practice.com,+1-427-5824,Product,Product Manager,121798,2013-08-04,1968-12-23,Male,Full-time,Active,London,Germany,6,4,Harper Scott,Java;SQL,Health Insurance;401(k)
EMP-0294,Aiden,White,aiden.white294@hrms-practice.com,+1-656-2719,Design,Graphic Designer,70774,2021-01-20,1997-12-24,Male,Contract,On Leave,Sydney,USA,15,4,Isabella Jackson,Angular;JavaScript,Health Insurance;401(k)
EMP-0295,Liam,Garcia,liam.garcia295@hrms-practice.com,+1-651-5281,Legal,Compliance Officer,121971,2018-11-17,1981-09-15,Female,Part-time,On Leave,San Francisco,Australia,4,5,Mila Lewis,Docker;Angular,Health Insurance;401(k)
EMP-0296,Joseph,Robinson,joseph.robinson296@hrms-practice.com,+1-712-7510,Engineering,QA Engineer,75391,2022-06-03,1990-06-05,Prefer not to say,Contract,On Leave,San Francisco,USA,3,1,Aria Jones,React;TypeScript,Health Insurance;401(k)
EMP-0297,Scarlett,Scott,scarlett.scott297@hrms-practice.com,+1-241-3405,Human Resources,DevOps Engineer,91033,2024-01-16,1975-08-03,Male,Contract,Inactive,Chicago,USA,17,1,William Young,Docker;Angular,Health Insurance;401(k)
EMP-0298,Grace,Johnson,grace.johnson298@hrms-practice.com,+1-436-4967,Marketing,Marketing Manager,88897,2015-02-10,1976-08-19,Male,Intern,Active,Sydney,USA,11,5,Liam Wilson,Python;Git,Health Insurance;401(k)
EMP-0299,Sebastian,Martinez,sebastian.martinez299@hrms-practice.com,+1-698-6196,Customer Support,Senior Engineer,108984,2013-11-21,1972-08-05,Prefer not to say,Contract,Active,Sydney,United Kingdom,15,1,Matthew King,JavaScript;React,Health Insurance;401(k)
EMP-0300,Ethan,Scott,ethan.scott300@hrms-practice.com,+1-426-1092,Finance,Finance Manager,71292,2022-09-03,1974-01-28,Prefer not to say,Part-time,Active,Sydney,India,12,1,Aria King,Docker;AWS,Health Insurance;401(k)
EMP-0301,Jacob,Perez,jacob.perez301@hrms-practice.com,+1-821-1654,Legal,Paralegal,135823,2021-12-21,1991-03-13,Female,Full-time,Inactive,Mumbai,Canada,11,5,Oliver Thompson,React;Git,Health Insurance;401(k)
EMP-0302,Oliver,Wilson,oliver.wilson302@hrms-practice.com,+1-383-1882,Sales,Account Executive,102576,2013-12-01,1974-06-24,Prefer not to say,Contract,On Leave,Berlin,Singapore,19,5,Jacob Thomas,Angular;Java,Health Insurance;401(k)
EMP-0303,Victoria,White,victoria.white303@hrms-practice.com,+1-311-4778,Engineering,QA Engineer,131551,2016-01-08,1992-01-16,Female,Contract,Active,Sydney,USA,21,4,Emma Thompson,Java;React,Health Insurance;401(k)
EMP-0304,Aiden,Robinson,aiden.robinson304@hrms-practice.com,+1-907-4340,Legal,Paralegal,142749,2022-06-23,1996-06-26,Female,Full-time,Active,Berlin,United Kingdom,3,2,Liam Lee,Python;Angular,Health Insurance;401(k)
EMP-0305,Lucas,Garcia,lucas.garcia305@hrms-practice.com,+1-668-3568,Legal,Legal Counsel,56169,2022-09-28,1995-11-06,Female,Full-time,Active,Sydney,Australia,16,2,Joseph Lee,Angular;Agile,Health Insurance;401(k)
EMP-0306,Madison,Smith,madison.smith306@hrms-practice.com,+1-797-5464,Sales,Account Executive,151811,2019-01-04,1970-10-23,Non-binary,Intern,Active,London,United Kingdom,2,5,Carter Scott,SQL;Agile,Health Insurance;401(k)
EMP-0307,Jackson,Sanchez,jackson.sanchez307@hrms-practice.com,+1-692-4026,Finance,Finance Manager,109675,2019-09-16,1991-05-02,Male,Contract,Active,London,France,10,3,Mila Garcia,AWS;Agile,Health Insurance;401(k)
EMP-0308,William,Perez,william.perez308@hrms-practice.com,+1-654-2255,Operations,Project Manager,89761,2013-02-18,1977-01-07,Non-binary,Full-time,On Leave,New York,Australia,6,3,Carter Anderson,Python;TypeScript,Health Insurance;401(k)
EMP-0309,Mila,Smith,mila.smith309@hrms-practice.com,+1-982-3150,Operations,Business Analyst,132070,2018-08-19,1969-02-21,Female,Contract,Inactive,Sydney,India,18,5,Ella Johnson,Angular;JavaScript,Health Insurance;401(k)
EMP-0310,Benjamin,Martinez,benjamin.martinez310@hrms-practice.com,+1-177-9712,Legal,Legal Counsel,156601,2012-07-28,1976-12-24,Non-binary,Full-time,On Leave,Sydney,Singapore,10,3,Sebastian Thomas,Git;Agile,Health Insurance;401(k)
EMP-0311,Ella,Sanchez,ella.sanchez311@hrms-practice.com,+1-339-6941,Engineering,DevOps Engineer,83354,2013-03-26,1979-11-26,Non-binary,Full-time,Inactive,San Francisco,Canada,11,1,Camila Young,SQL;JavaScript,Health Insurance;401(k)
EMP-0312,Luna,Harris,luna.harris312@hrms-practice.com,+1-867-6836,Marketing,SEO Specialist,72329,2012-12-24,1987-03-09,Prefer not to say,Intern,Inactive,Berlin,United Kingdom,6,3,Madison Clark,JavaScript;Git,Health Insurance;401(k)
EMP-0313,Elizabeth,Moore,elizabeth.moore313@hrms-practice.com,+1-262-3398,Operations,Business Analyst,43527,2014-02-02,1981-03-09,Non-binary,Intern,Active,Toronto,India,2,5,Mila Gonzalez,AWS;SQL,Health Insurance;401(k)
EMP-0314,Sebastian,Moore,sebastian.moore314@hrms-practice.com,+1-624-8627,Finance,Accountant,156947,2022-12-25,1971-05-08,Male,Contract,Active,New York,France,8,3,Noah Johnson,AWS,Health Insurance;401(k)
EMP-0315,Joseph,Smith,joseph.smith315@hrms-practice.com,+1-453-7522,Design,UI Designer,92588,2015-12-20,1996-11-16,Prefer not to say,Intern,Inactive,London,United Kingdom,8,5,Matthew Jones,Java,Health Insurance;401(k)
EMP-0316,Logan,Wilson,logan.wilson316@hrms-practice.com,+1-948-3084,Finance,Accountant,130453,2024-04-22,1976-03-13,Male,Contract,Active,San Francisco,Australia,9,1,Liam King,TypeScript;Agile,Health Insurance;401(k)
EMP-0317,Jacob,King,jacob.king317@hrms-practice.com,+1-609-7313,Human Resources,DevOps Engineer,70539,2013-06-15,1982-07-09,Female,Contract,Inactive,London,India,20,4,Sophia Walker,Java;Agile,Health Insurance;401(k)
EMP-0318,Daniel,Smith,daniel.smith318@hrms-practice.com,+1-638-5208,Product,Scrum Master,72848,2014-08-06,1994-04-13,Non-binary,Contract,Active,Berlin,India,3,5,Abigail Garcia,Python;React,Health Insurance;401(k)
EMP-0319,Chloe,King,chloe.king319@hrms-practice.com,+1-433-8770,Operations,Project Manager,57379,2017-03-06,1991-10-07,Non-binary,Intern,On Leave,London,Germany,9,5,Mia Davis,Java;Machine Learning,Health Insurance;401(k)
EMP-0320,Chloe,Johnson,chloe.johnson320@hrms-practice.com,+1-295-2999,Design,Graphic Designer,64132,2013-07-23,1984-05-28,Male,Contract,Active,Sydney,Germany,2,2,Madison Lopez,Docker;Git,Health Insurance;401(k)
EMP-0321,Carter,Harris,carter.harris321@hrms-practice.com,+1-523-8894,Operations,Business Analyst,133107,2021-12-12,1982-04-01,Male,Full-time,Active,Berlin,United Kingdom,12,3,Camila Walker,Agile;Python,Health Insurance;401(k)
EMP-0322,Mia,Garcia,mia.garcia322@hrms-practice.com,+1-518-2456,Operations,Project Manager,64305,2018-09-08,1996-01-20,Non-binary,Intern,Active,Chicago,Germany,1,3,Olivia Jones,JavaScript;AWS,Health Insurance;401(k)
EMP-0323,William,Robinson,william.robinson323@hrms-practice.com,+1-580-4685,Customer Support,Tech Lead,137724,2022-04-22,1976-10-10,Prefer not to say,Full-time,Active,London,USA,0,5,Charlotte Moore,Docker;Java,Health Insurance;401(k)
EMP-0324,Chloe,Smith,chloe.smith324@hrms-practice.com,+1-108-9580,Engineering,Senior Engineer,153366,2024-11-07,1991-01-08,Male,Full-time,Active,Toronto,United Kingdom,14,4,Henry Rodriguez,TypeScript;Docker,Health Insurance;401(k)
EMP-0325,William,Johnson,william.johnson325@hrms-practice.com,+1-303-2142,Human Resources,Software Engineer,151230,2015-12-01,1991-12-24,Male,Part-time,Active,Mumbai,USA,8,4,Michael Clark,SQL;Machine Learning,Health Insurance;401(k)
EMP-0326,Joseph,Martinez,joseph.martinez326@hrms-practice.com,+1-565-3371,Design,Graphic Designer,51317,2013-09-12,1987-12-10,Prefer not to say,Full-time,Active,Mumbai,United Kingdom,11,5,Lucas Hernandez,Angular;SQL,Health Insurance;401(k)
EMP-0327,Sofia,Smith,sofia.smith327@hrms-practice.com,+1-294-7267,Human Resources,DevOps Engineer,133626,2022-07-22,1989-05-05,Prefer not to say,Intern,Active,Berlin,India,9,4,Charlotte Martinez,JavaScript;Git,Health Insurance;401(k)
EMP-0328,Camila,Perez,camila.perez328@hrms-practice.com,+1-689-7829,Operations,Operations Manager,78156,2021-10-12,1976-07-18,Non-binary,Contract,Active,San Francisco,Canada,8,3,Sebastian Scott,Docker;Machine Learning,Health Insurance;401(k)
EMP-0329,Evelyn,Wilson,evelyn.wilson329@hrms-practice.com,+1-251-8057,Marketing,Marketing Manager,44909,2013-10-20,1989-10-02,Prefer not to say,Full-time,Active,New York,Singapore,16,4,Liam Lewis,Git;Angular,Health Insurance;401(k)
EMP-0330,Emma,Harris,emma.harris330@hrms-practice.com,+1-179-1953,Product,Product Owner,73885,2017-11-27,1978-06-22,Female,Part-time,Inactive,Mumbai,United Kingdom,18,2,Mila Scott,AWS,Health Insurance;401(k)
EMP-0331,Grace,Robinson,grace.robinson331@hrms-practice.com,+1-774-1515,Sales,Sales Representative,85082,2023-05-14,1981-10-03,Non-binary,Contract,Active,New York,United Kingdom,0,1,Michael King,SQL;Docker,Health Insurance;401(k)
EMP-0332,Jacob,Miller,jacob.miller332@hrms-practice.com,+1-536-9743,Operations,Business Analyst,118502,2022-07-19,1981-04-12,Female,Contract,On Leave,Berlin,Australia,13,1,Alexander King,Git;JavaScript,Health Insurance;401(k)
EMP-0333,Liam,Smith,liam.smith333@hrms-practice.com,+1-664-2639,Finance,Financial Analyst,94144,2020-11-23,1986-02-28,Non-binary,Part-time,Active,Toronto,United Kingdom,20,4,Ethan Gonzalez,Agile;JavaScript,Health Insurance;401(k)
EMP-0334,Madison,Clark,madison.clark334@hrms-practice.com,+1-559-1201,Human Resources,Tech Lead,52008,2020-07-07,1977-09-07,Male,Part-time,Active,Toronto,France,7,2,Olivia Jackson,JavaScript,Health Insurance;401(k)
EMP-0335,Amelia,Thompson,amelia.thompson335@hrms-practice.com,+1-521-8430,Marketing,Marketing Manager,152095,2013-12-09,1993-06-12,Non-binary,Contract,Active,Chicago,Germany,3,1,Ethan Clark,SQL;Java,Health Insurance;401(k)
EMP-0336,Sebastian,Smith,sebastian.smith336@hrms-practice.com,+1-849-9325,Marketing,Content Writer,74403,2018-07-10,1984-07-26,Female,Full-time,On Leave,Mumbai,India,15,4,Ava Anderson,Git;Python,Health Insurance;401(k)
EMP-0337,Alexander,Hernandez,alexander.hernandez337@hrms-practice.com,+1-945-6887,Sales,Sales Manager,98934,2012-06-19,1992-05-01,Non-binary,Contract,Active,Berlin,Singapore,7,1,Benjamin Ramirez,TypeScript;JavaScript,Health Insurance;401(k)
EMP-0338,Scarlett,Clark,scarlett.clark338@hrms-practice.com,+1-206-4116,Customer Support,Senior Engineer,145687,2013-02-17,1994-03-03,Non-binary,Contract,Active,London,Canada,7,5,Mia Rodriguez,Agile;Python,Health Insurance;401(k)
EMP-0339,Noah,Harris,noah.harris339@hrms-practice.com,+1-735-4011,Human Resources,Tech Lead,134663,2012-10-15,1973-07-14,Prefer not to say,Part-time,Active,Mumbai,United Kingdom,2,2,Evelyn Brown,React;Machine Learning,Health Insurance;401(k)
EMP-0340,Jackson,Jackson,jackson.jackson340@hrms-practice.com,+1-130-9573,Sales,Account Executive,105860,2014-12-21,1997-08-14,Non-binary,Part-time,Active,Berlin,India,21,4,Olivia Sanchez,Machine Learning;Docker,Health Insurance;401(k)
EMP-0341,Luna,Jackson,luna.jackson341@hrms-practice.com,+1-492-5802,Human Resources,Software Engineer,99280,2022-11-16,1986-09-13,Male,Full-time,Inactive,San Francisco,France,5,2,Daniel Wilson,Machine Learning;Git,Health Insurance;401(k)
EMP-0342,Ava,Smith,ava.smith342@hrms-practice.com,+1-320-4697,Operations,Operations Manager,154922,2015-10-11,1981-04-21,Prefer not to say,Part-time,On Leave,Sydney,United Kingdom,5,3,Lucas Taylor,AWS;Angular,Health Insurance;401(k)
EMP-0343,Ella,Anderson,ella.anderson343@hrms-practice.com,+1-815-9259,Engineering,Software Engineer,72786,2024-03-14,1992-07-18,Male,Full-time,Inactive,Chicago,Australia,6,4,Michael Hernandez,Angular;TypeScript,Health Insurance;401(k)
EMP-0344,Camila,Wright,camila.wright344@hrms-practice.com,+1-477-4488,Engineering,Tech Lead,132872,2013-04-06,1968-11-14,Female,Full-time,On Leave,Sydney,India,17,2,Sofia Davis,AWS;JavaScript,Health Insurance;401(k)
EMP-0345,Scarlett,Johnson,scarlett.johnson345@hrms-practice.com,+1-505-2383,Legal,Paralegal,135181,2014-06-25,1980-08-18,Non-binary,Full-time,Active,Mumbai,India,21,3,Grace Jackson,AWS,Health Insurance;401(k)
EMP-0346,James,Wright,james.wright346@hrms-practice.com,+1-300-5945,Sales,Sales Representative,119712,2017-01-25,1977-02-12,Non-binary,Part-time,Active,Toronto,France,6,4,Aria Lee,AWS;TypeScript,Health Insurance;401(k)
EMP-0347,James,Williams,james.williams347@hrms-practice.com,+1-162-9174,Operations,Project Manager,126465,2014-05-14,1970-09-05,Male,Full-time,On Leave,Berlin,France,21,1,Evelyn Harris,JavaScript;Machine Learning,Health Insurance;401(k)
EMP-0348,Sophia,Sanchez,sophia.sanchez348@hrms-practice.com,+1-391-6069,Sales,Account Executive,75440,2021-10-03,1968-08-06,Male,Contract,Active,New York,United Kingdom,9,1,Mia Davis,Python;React,Health Insurance;401(k)
EMP-0349,Logan,Miller,logan.miller349@hrms-practice.com,+1-386-8631,Marketing,Marketing Manager,126638,2018-07-27,1982-05-25,Non-binary,Part-time,Inactive,London,Germany,20,1,Ella Moore,Angular;Git,Health Insurance;401(k)
EMP-0350,Amelia,Walker,amelia.walker350@hrms-practice.com,+1-447-1860,Design,UX Designer,80058,2022-02-13,1991-03-15,Prefer not to say,Contract,Active,Toronto,USA,18,3,Scarlett Robinson,JavaScript;SQL,Health Insurance;401(k)
EMP-0351,James,Johnson,james.johnson351@hrms-practice.com,+1-876-6755,Product,Scrum Master,95700,2024-10-27,1976-05-13,Male,Contract,Active,Sydney,United Kingdom,11,3,James Perez,Angular;Agile,Health Insurance;401(k)
EMP-0352,Lucas,Williams,lucas.williams352@hrms-practice.com,+1-171-8317,Engineering,DevOps Engineer,93564,2015-10-20,1977-04-01,Male,Intern,Inactive,New York,USA,5,2,Noah Williams,Agile;TypeScript,Health Insurance;401(k)
EMP-0353,Ava,Hernandez,ava.hernandez353@hrms-practice.com,+1-433-9546,Legal,Compliance Officer,113650,2014-07-03,1973-04-16,Male,Contract,Inactive,New York,United Kingdom,8,3,Samuel White,Git,Health Insurance;401(k)
EMP-0354,Samuel,Johnson,samuel.johnson354@hrms-practice.com,+1-161-4442,Customer Support,Senior Engineer,75959,2023-05-13,1975-09-11,Male,Part-time,On Leave,New York,India,6,3,Scarlett Thompson,React;Machine Learning,Health Insurance;401(k)
EMP-0355,Luna,Thompson,luna.thompson355@hrms-practice.com,+1-556-5004,Marketing,SEO Specialist,140490,2021-08-04,1992-11-23,Non-binary,Full-time,Active,Chicago,Canada,5,2,Benjamin Gonzalez,JavaScript;Python,Health Insurance;401(k)
EMP-0356,Michael,Anderson,michael.anderson356@hrms-practice.com,+1-118-5232,Human Resources,DevOps Engineer,107243,2014-08-12,1975-02-07,Prefer not to say,Contract,Inactive,San Francisco,Singapore,13,2,Michael Jones,TypeScript;Docker,Health Insurance;401(k)
EMP-0357,Oliver,Sanchez,oliver.sanchez357@hrms-practice.com,+1-946-8128,Design,UX Designer,136218,2017-09-18,1993-10-27,Female,Intern,Active,New York,United Kingdom,15,1,Olivia Lopez,Machine Learning;Git,Health Insurance;401(k)
EMP-0358,Sophia,Walker,sophia.walker358@hrms-practice.com,+1-642-7690,Marketing,SEO Specialist,147416,2023-03-06,1997-02-08,Non-binary,Full-time,Inactive,San Francisco,United Kingdom,19,4,Noah Martinez,Agile,Health Insurance;401(k)
EMP-0359,Camila,Miller,camila.miller359@hrms-practice.com,+1-403-6918,Marketing,Content Writer,60835,2022-06-11,1997-08-17,Female,Full-time,Active,New York,Australia,10,4,Carter Hernandez,Python,Health Insurance;401(k)
EMP-0360,Mia,Johnson,mia.johnson360@hrms-practice.com,+1-532-8814,Human Resources,QA Engineer,156477,2020-09-14,1972-06-06,Non-binary,Intern,On Leave,Berlin,United Kingdom,17,2,Owen Sanchez,Python;Java,Health Insurance;401(k)
EMP-0361,Liam,Clark,liam.clark361@hrms-practice.com,+1-427-7376,Customer Support,Senior Engineer,114342,2020-05-27,1992-02-12,Male,Intern,On Leave,Berlin,India,4,5,Ella Young,React;Python,Health Insurance;401(k)
EMP-0362,Elizabeth,Thompson,elizabeth.thompson362@hrms-practice.com,+1-389-5605,Finance,Finance Manager,94428,2014-11-28,1978-10-17,Non-binary,Full-time,Active,London,Germany,0,5,Owen Brown,Agile;Angular,Health Insurance;401(k)
EMP-0363,Luna,Johnson,luna.johnson363@hrms-practice.com,+1-717-6500,Finance,Financial Analyst,136737,2018-05-01,1970-11-03,Female,Contract,Active,New York,India,12,2,Avery Clark,TypeScript;React,Health Insurance;401(k)
EMP-0364,Avery,Hernandez,avery.hernandez364@hrms-practice.com,+1-812-4062,Marketing,Content Writer,41268,2013-04-10,1977-09-06,Non-binary,Full-time,Active,New York,Singapore,4,4,Aiden Jones,SQL;Python,Health Insurance;401(k)
EMP-0365,Carter,Clark,carter.clark365@hrms-practice.com,+1-974-1291,Design,Graphic Designer,88021,2014-12-09,1980-08-09,Non-binary,Full-time,Active,Toronto,Canada,4,3,Aria Perez,Java;React,Health Insurance;401(k)
EMP-0366,Charlotte,Sanchez,charlotte.sanchez366@hrms-practice.com,+1-602-1186,Engineering,Software Engineer,76996,2013-09-06,1988-11-19,Prefer not to say,Intern,Active,San Francisco,United Kingdom,21,5,Luna Taylor,Git;Python,Health Insurance;401(k)
EMP-0367,Madison,Jackson,madison.jackson367@hrms-practice.com,+1-897-6748,Finance,Financial Analyst,48193,2014-10-12,1982-12-19,Non-binary,Full-time,On Leave,Mumbai,India,18,2,Ella Johnson,Java;Machine Learning,Health Insurance;401(k)
EMP-0368,Ava,Jackson,ava.jackson368@hrms-practice.com,+1-359-2977,Customer Support,DevOps Engineer,41613,2022-09-08,1972-01-19,Male,Contract,Active,London,India,1,5,William Clark,Java;Machine Learning,Health Insurance;401(k)
EMP-0369,Elijah,Johnson,elijah.johnson369@hrms-practice.com,+1-188-1872,Sales,Sales Manager,97255,2016-08-02,1997-08-26,Prefer not to say,Full-time,Active,Berlin,United Kingdom,1,2,Samuel Robinson,JavaScript;AWS,Health Insurance;401(k)
EMP-0370,Scarlett,Thomas,scarlett.thomas370@hrms-practice.com,+1-683-6434,Customer Support,QA Engineer,135119,2024-01-05,1977-11-23,Male,Contract,On Leave,Toronto,Australia,3,3,Noah White,Git;Java,Health Insurance;401(k)
EMP-0371,Luna,Scott,luna.scott371@hrms-practice.com,+1-344-1663,Product,Product Manager,75206,2014-02-25,1983-03-19,Female,Contract,Active,Berlin,Singapore,13,1,Isabella Martin,JavaScript;Python,Health Insurance;401(k)
EMP-0372,Chloe,Johnson,chloe.johnson372@hrms-practice.com,+1-373-8558,Operations,Operations Manager,77514,2014-04-17,1995-12-23,Non-binary,Contract,Inactive,San Francisco,India,18,2,Emily Walker,Machine Learning;Git,Health Insurance;401(k)
EMP-0373,Harper,Scott,harper.scott373@hrms-practice.com,+1-168-3120,Finance,Financial Analyst,62045,2017-11-16,1992-06-17,Non-binary,Intern,Inactive,Berlin,France,2,2,Charlotte Allen,Machine Learning;Java,Health Insurance;401(k)
EMP-0374,Mason,Brown,mason.brown374@hrms-practice.com,+1-930-6349,Sales,Sales Representative,68798,2014-03-06,1985-01-10,Female,Contract,Active,New York,France,18,4,Luna Johnson,React;TypeScript,Health Insurance;401(k)
EMP-0375,Lucas,Sanchez,lucas.sanchez375@hrms-practice.com,+1-258-3244,Finance,Financial Analyst,137774,2021-08-22,1984-01-12,Male,Full-time,On Leave,San Francisco,United Kingdom,5,5,Aria Lee,SQL,Health Insurance;401(k)
EMP-0376,Daniel,Davis,daniel.davis376@hrms-practice.com,+1-253-5806,Finance,Finance Manager,68971,2019-06-19,1997-09-02,Non-binary,Intern,Active,Sydney,Germany,17,5,Ava Walker,Git;Machine Learning,Health Insurance;401(k)
EMP-0377,Ethan,Young,ethan.young377@hrms-practice.com,+1-315-8035,Legal,Compliance Officer,142391,2022-12-05,1977-07-20,Prefer not to say,Full-time,On Leave,Berlin,USA,15,1,Amelia Miller,Angular;Docker,Health Insurance;401(k)
EMP-0378,Harper,Johnson,harper.johnson378@hrms-practice.com,+1-743-3930,Design,Graphic Designer,38033,2024-08-18,1992-09-18,Female,Full-time,Inactive,Mumbai,United Kingdom,8,1,Jackson King,Git;JavaScript,Health Insurance;401(k)
EMP-0379,Elizabeth,Brown,elizabeth.brown379@hrms-practice.com,+1-938-5492,Product,Product Owner,155897,2016-08-11,1993-08-06,Male,Part-time,Active,Chicago,USA,2,1,Daniel Thomas,Java;React,Health Insurance;401(k)
EMP-0380,Elijah,Lopez,elijah.lopez380@hrms-practice.com,+1-300-6721,Sales,Account Executive,55984,2014-05-22,1989-09-21,Male,Part-time,Active,Chicago,United Kingdom,5,2,Mason Smith,TypeScript;Machine Learning,Health Insurance;401(k)
EMP-0381,Liam,Johnson,liam.johnson381@hrms-practice.com,+1-929-1617,Product,Scrum Master,138292,2023-04-04,1990-02-16,Male,Intern,Active,San Francisco,India,2,1,Amelia Scott,Docker;Python,Health Insurance;401(k)
EMP-0382,Noah,White,noah.white382@hrms-practice.com,+1-424-2179,Finance,Accountant,82823,2022-07-23,1978-04-28,Non-binary,Contract,Inactive,Toronto,Canada,1,5,Aiden Sanchez,React,Health Insurance;401(k)
EMP-0383,Aiden,Thomas,aiden.thomas383@hrms-practice.com,+1-886-2407,Engineering,Tech Lead,49576,2014-07-03,1990-06-12,Prefer not to say,Full-time,Active,London,Singapore,9,1,Noah Moore,Angular;Agile,Health Insurance;401(k)
EMP-0384,Evelyn,Clark,evelyn.clark384@hrms-practice.com,+1-814-5303,Operations,Business Analyst,78551,2017-07-10,1979-02-04,Female,Part-time,Active,Chicago,United Kingdom,12,4,Ella Harris,Java;Machine Learning,Health Insurance;401(k)
EMP-0385,Lucas,Young,lucas.young385@hrms-practice.com,+1-509-4865,Human Resources,Tech Lead,89749,2023-01-25,1983-07-14,Non-binary,Contract,Active,London,United Kingdom,16,3,Daniel Thompson,Python;JavaScript,Health Insurance;401(k)
EMP-0386,David,Davis,david.davis386@hrms-practice.com,+1-271-4093,Finance,Financial Analyst,123169,2023-04-02,1982-12-22,Female,Contract,Inactive,San Francisco,Australia,7,3,Ethan Thompson,SQL;Angular,Health Insurance;401(k)
EMP-0387,Logan,Williams,logan.williams387@hrms-practice.com,+1-399-5989,Engineering,Tech Lead,98811,2020-07-06,1987-11-11,Non-binary,Part-time,Active,Mumbai,United Kingdom,14,1,Jacob Williams,AWS;Angular,Health Insurance;401(k)
EMP-0388,Benjamin,Ramirez,benjamin.ramirez388@hrms-practice.com,+1-294-4551,Product,Scrum Master,56675,2020-04-18,1978-06-17,Male,Part-time,Active,Mumbai,India,1,4,Ava Davis,Docker;React,Health Insurance;401(k)
EMP-0389,Jackson,White,jackson.white389@hrms-practice.com,+1-256-2780,Human Resources,Tech Lead,156761,2014-09-19,1994-02-23,Non-binary,Intern,On Leave,Sydney,Germany,18,3,Jacob Taylor,Python;Docker,Health Insurance;401(k)
EMP-0390,Ava,Williams,ava.williams390@hrms-practice.com,+1-584-3675,Engineering,QA Engineer,79070,2019-03-20,1986-03-08,Female,Full-time,Inactive,Chicago,India,9,5,Sophia Brown,SQL,Health Insurance;401(k)
EMP-0391,Matthew,Lopez,matthew.lopez391@hrms-practice.com,+1-680-1237,Human Resources,Software Engineer,103601,2013-02-01,1993-01-12,Non-binary,Contract,On Leave,San Francisco,USA,0,3,Elijah Moore,Agile;Angular,Health Insurance;401(k)
EMP-0392,Sophia,Ramirez,sophia.ramirez392@hrms-practice.com,+1-841-7466,Legal,Compliance Officer,150354,2014-10-28,1996-12-14,Non-binary,Contract,On Leave,Berlin,Canada,1,2,Charlotte King,AWS,Health Insurance;401(k)
EMP-0393,Alexander,Clark,alexander.clark393@hrms-practice.com,+1-470-7361,Product,Scrum Master,139329,2013-07-25,1974-04-24,Prefer not to say,Part-time,On Leave,Chicago,United Kingdom,18,4,Abigail Lewis,TypeScript;React,Health Insurance;401(k)
EMP-0394,Liam,Martin,liam.martin394@hrms-practice.com,+1-765-3923,Human Resources,QA Engineer,110527,2014-09-03,1968-04-25,Non-binary,Contract,Active,San Francisco,Singapore,15,5,Ava Anderson,Docker;TypeScript,Health Insurance;401(k)
EMP-0395,Elijah,Martin,elijah.martin395@hrms-practice.com,+1-227-9152,Product,Product Owner,103947,2023-07-27,1987-06-24,Male,Full-time,Active,Toronto,India,20,4,Henry Brown,AWS;TypeScript,Health Insurance;401(k)
EMP-0396,Ethan,Williams,ethan.williams396@hrms-practice.com,+1-955-8047,Finance,Accountant,39588,2016-07-21,1982-12-03,Prefer not to say,Contract,Inactive,New York,United Kingdom,20,5,Mason Miller,React;Agile,Health Insurance;401(k)
EMP-0397,Carter,Thomas,carter.thomas397@hrms-practice.com,+1-550-3609,Design,UI Designer,77453,2012-11-24,1993-03-28,Male,Full-time,Active,Sydney,Australia,0,1,Daniel Smith,TypeScript;Angular,Health Insurance;401(k)
EMP-0398,Noah,Scott,noah.scott398@hrms-practice.com,+1-212-7838,Design,Graphic Designer,137539,2014-12-17,1969-07-24,Female,Part-time,Inactive,New York,Singapore,10,4,Camila Allen,React,Health Insurance;401(k)
EMP-0399,James,Williams,james.williams399@hrms-practice.com,+1-240-5733,Marketing,SEO Specialist,139848,2014-02-08,1981-04-01,Non-binary,Full-time,Active,Chicago,India,15,5,Chloe Davis,Java;Machine Learning,Health Insurance;401(k)
EMP-0400,Mila,Scott,mila.scott400@hrms-practice.com,+1-935-9295,Human Resources,DevOps Engineer,124379,2017-09-08,1978-10-23,Non-binary,Part-time,Active,Mumbai,France,21,1,Scarlett Martinez,Java;Angular,Health Insurance;401(k)